path,size,sha1
lang/README.md,386,a697b72bc2367dbd05bc93a183e5fd67271c17c7
lang/ca_ES.lang,152748,2beca7e9b683ddf1c0f7b293792897e7a338feaf
lang/contributing.md,2008,5bdd68ac5c0c58efefc213bc8950d5fb6c0e12ba
lang/cs_CZ.lang,191841,e86cc1705e07f341756b1ec59364c9e6a9a8febc
lang/de_DE.lang,198849,42766b3d38e191e9c2eb84f33505e72994ad826c
lang/en_US.lang,184857,41246a60af0741f818ead379bd9372240c3f1247
lang/es_AR.lang,198434,ee493bbd58a532541069f9f9d15634abf6ae237c
lang/es_ES.lang,198329,b7faca65c7e3f566eb840ea0d9f9c4876a31a3c2
lang/es_MX.lang,198434,ee493bbd58a532541069f9f9d15634abf6ae237c
lang/es_UY.lang,169104,48e04f6579b21f10b753cef8f99fedd862cb7475
lang/es_VE.lang,169104,48e04f6579b21f10b753cef8f99fedd862cb7475
lang/et_EE.lang,131562,a28c68ddf9f093faf2cdb7571d09a28c3bfc5951
lang/fi_FI.lang,129090,543b6ad2c96b628ecf58cccf81b70df25f0a5576
lang/fr_FR.lang,203652,30a683079804b64601138b1a91368a39a10bcd87
lang/it_IT.lang,176512,c1644e4ac9b9c24f08dbeb9678d7fdaca4e3afb1
lang/ja_JP.lang,131981,36472e79788723977c42e95892a20836d2ddb71a
lang/ko_KR.lang,184745,2a3a32194ceca89f0b317cb0cd14b48d123ac5f3
lang/nl_NL.lang,136917,63302581b7a561dca5455de36374d9ad2e7718c8
lang/pt_BR.lang,110946,1b4897fb9d55e3b2e6ac635e479c9fddb3c2f48e
lang/pt_PT.lang,165554,658fde10823b92a0559c63e76c3fbf52e40afdca
lang/ru_RU.lang,274555,a1fe4e5f6ee4c36566b462151bfa284cc58f409e
lang/sv_SE.lang,131405,aa08e7af41d593c8a8d1eef40f71da2ea21ff047
lang/zh_CN.lang,164577,40de5748783a43a542221c0c5e548a41c1a0b16f
lang/zh_TW.lang,168594,0c9911006c0d4e25249e10afaf1b415a30fb3d02
shader/test.frag,1158,95fb2bb7bbe31168edb4f6217210d21fe9d658d7
shader/test2.frag,2627,c1ceab3cdad073cd389069d65303acc965c6a0f4
shader/test2.vert,160,b775261c23b8ff85c2c526c2c2bcbeec2f7b8a6a
sounds/alembicknock.ogg,5452,1a72ee1b5a664cf826489ccb864563da464a668f
sounds/brain1.ogg,20533,29cbeebb2ea4c8c865297ec4d4801d0ff3858680
sounds/brain2.ogg,21047,c3bc9052683d8f843fd1dbddb1f9e33fa2bde69c
sounds/brain3.ogg,22043,ed70db4b3fbb8f1f7a69c3da11d7c00fadebd5ed
sounds/brain4.ogg,17638,8d937b3f647ad12b2c79d645f2f48ea984435f99
sounds/bubble1.ogg,5257,c881431371c6c5351f92561b1a3cf66dcce425ad
sounds/bubble2.ogg,5984,0b28a215f9af281a3813b35929724dc2c359814f
sounds/bubble3.ogg,6316,7eef60f457a29f290858353afe36bfb10c679590
sounds/bubble4.ogg,6090,7910025d6e5e2536a04a5bd78794c4bf6c96b2d8
sounds/cameraclack1.ogg,4316,9e4c0f36d9d3a8c13175e22e6d2e25446b7a6b3a
sounds/cameraclack2.ogg,4459,bb26cf72b1f8c1527a425bb3b2e471ab7f2d24b2
sounds/cameraclack3.ogg,4189,c63e313760ba5dac3bb1d9ae1d6d8fcccd2ee82d
sounds/cameraticks.ogg,4930,a160f058d4722ececc370d59648e55a1a68ce12f
sounds/chant1.ogg,11844,35a85204dcf652c51cb898299b8ee73f66c51b61
sounds/chant2.ogg,12569,a5866e3a9aece17f02b9391dd044fa993054c21e
sounds/chant3.ogg,13975,d331bc4201bc5cafe52a55509371f9920977f755
sounds/coins.ogg,9084,7a606090489a82aba8279a92db8bee7698fd5255
sounds/crabclaw.ogg,3766,01dd6fc9ec499c97266469973bff60386dbdbf84
sounds/crabdeath.ogg,6379,6478a9d07be99cf54ca79904e677af3b62158031
sounds/crabtalk1.ogg,5177,0b2e6c19dc06c063022046de2b3df705dee5a8aa
sounds/crabtalk2.ogg,5280,e6bd21fd566f58e42ce7ad7e46d23464bfdcd8e5
sounds/crabtalk3.ogg,5762,f5552819d59bceb48b7bfd5e6f431e3c6c428bae
sounds/craftfail.ogg,13667,34abe559451b086c889b5cc874dd63cdb8f30b9e
sounds/craftstart.ogg,9221,90d26028c09126f597969b3fb688fa7f323f4732
sounds/creak1.ogg,13345,2c740c61457bb6d37dd6a94d96b9d2a426aa9228
sounds/creak2.ogg,16166,d16a1111a78c6f613f3f5414b015ee68586a2bdf
sounds/crystal.ogg,5524,a502e1a47e91e01accc6864256f44c72b6f47889
sounds/doorfail.ogg,12122,4445c0fd3b19bb5957458fb37792978e1dc7d3d6
sounds/egattack.ogg,6490,8a0e653a83f43c06eae34103a2dccbe2c036f37a
sounds/egdeath.ogg,6486,909a181db0ed93514bba0bd368814ebbc44dc1eb
sounds/egidle1.ogg,18412,d70b50a9446a15fee2f8beffa46d1d7447d74eab
sounds/egidle2.ogg,18787,2fb95793ab8ea308233024d4ad46dde9991a4b85
sounds/egscreech.ogg,11467,d5b3e561e137f2d3970125667453c3242f2f877d
sounds/erase.ogg,4251,45c057873c6b34f0cbe9e4f043ecfa4ff3937896
sounds/evilportal.ogg,60466,2e0055d939720a610a69b25be5ba7e0eb813a20c
sounds/fireloop.ogg,9234,441965ad42ac43ac71faad061841ed45662b7ff7
sounds/fly1.ogg,4598,f3b72680b957bcdee0754a4f81b45b21407c10ad
sounds/fly2.ogg,4922,3bc07e04153ef3bcf7e2dc54c896effdf7778c94
sounds/golemironshoot.ogg,7932,daf09ca6968e638ad5b7890bdfa15b990238a075
sounds/gore1.ogg,9655,6d5a8d1bde8a3bd28d8fee2d81d9f9aa1bd02eb1
sounds/gore2.ogg,9033,7df7be107bf90fa8fc022c1b469a2e42004bbaa7
sounds/heartbeat.ogg,24546,c0d1a5ffc5e0d6e14133de8f8f52b309460feb2f
sounds/hhoff.ogg,4261,3127956efbfd5cfacece0570fcf675dbc114badc
sounds/hhon.ogg,5961,7f24eead0fd7fcdd3e4062faf6bc6da6a93584f2
sounds/ice1.ogg,9410,dd7140255c7f3165ffe6fe31d122accf807c1bdc
sounds/ice2.ogg,9904,a7b4253e88ec6acc30c211da8ddc7a5c06edcba4
sounds/ice3.ogg,9786,0017eb37e3abd5a9b2f5560ad9cfa71b1e28dd28
sounds/infuser.ogg,22365,1dbf8c6a9c1196b86d406358912160bb4f4c854e
sounds/infuserstart.ogg,25310,fe37890345a21d552b34bee67e847bbd752872b4
sounds/jacobs.ogg,10517,352015cc0c5bdc847123a66a70c707013e75a810
sounds/jar1.ogg,4271,61e81e9153aafeb37348870c896a89fcdb7917d3
sounds/jar2.ogg,3947,39c35088356ec7fd3e8d795a61ee707f317c62a9
sounds/jar3.ogg,3842,a062af0765537b470a77809b7f9cde948bf00c8e
sounds/jar4.ogg,4230,86c5ea1b79e5f1ebff6241e2e0cdef900a928767
sounds/key.ogg,4874,4c688122defeaca2d56a563f3e1ce2777a8d82d5
sounds/learn.ogg,9789,f6cf19ad75759e1b1b9d695d43882c95f3b951f1
sounds/monolith.ogg,67762,734d4164af479482261b1e97ca30875d85757349
sounds/page1.ogg,9648,1f9ca78657459a5b6c5e4d32432340fa8ad2dd1b
sounds/page2.ogg,9771,b17424a79e261793bc3b055cf415360a3093e2bf
sounds/pech_charge1.ogg,17515,c7b869ca46c6caa0a130d74218f539659dfaecfa
sounds/pech_charge2.ogg,13336,35d147c79718f41fdf161bdc3a2d7ad2b77012f6
sounds/pech_death.ogg,11455,cb2b9eace111c5eb334f1fb473c3b464336cbfac
sounds/pech_dice.ogg,5458,303e6071646304d116f32f82949029bfa8f8e2e0
sounds/pech_hit1.ogg,11443,7400354ea31374dfb7bf3e647e1db017dbf45915
sounds/pech_hit2.ogg,11766,b02cbcc289a60c61b37d0cc26e4b21d971749cd7
sounds/pech_idle1.ogg,13437,85268ab887f95b4c423b7da9d49daf05902a5090
sounds/pech_idle2.ogg,9919,b7ea3975ff600b47e7bc63fb96e821fe571e3af3
sounds/pech_idle3.ogg,9087,7df97c93af550dddbe771027d08e7f38fd1f7b62
sounds/pech_trade.ogg,11909,62acc020bff4370424046a8b93f83c336b8ded25
sounds/pump1.ogg,6095,676feb1a9f51e7a55e353e48b4031c9a4e6b859d
sounds/pump2.ogg,5840,d7995b37702e9917a76cbc55ff0859a3bd2adf34
sounds/pump3.ogg,5674,d0168bc7ed0a4659370beba6302102cc785cd89f
sounds/roots1.ogg,13912,15c4efc94ff539fc99d6dea61918ecccf5cd5002
sounds/roots2.ogg,14732,4b64c2c2d175440a4dbce51a7b70d0fa5e2711b6
sounds/roots3.ogg,14100,e3a3f23ccbb2953774aa35a36ce001a353c2eb38
sounds/rumble.ogg,18026,1028fa3566e1ac9bf0a670e9426996754522ea19
sounds/runicShieldCharge.ogg,21330,bc5090c0c70ccbbdf78211087ae0134287c38345
sounds/runicShieldEffect.ogg,9808,28c305393ace80847570407b7a1d91f837bd05cb
sounds/shock1.ogg,13554,8478c1ca64e1b82d05b16476e530b812b3de7ba3
sounds/shock2.ogg,13557,75a5b392d98f94ffe4f4169d39a47f527bdfa1c8
sounds/spill.ogg,12167,e2519c30434424f3a25b7b4ad614b2be4bfd5d77
sounds/squeek1.ogg,4940,2571c9f0b4be0a53ed1805150cbb0685e78e045b
sounds/squeek2.ogg,5246,e0720b8e8698c9bfde25e020bead027e658f6937
sounds/swarm1.ogg,19711,425327c8d9b5bca6beb555339654851051968e6c
sounds/swarm2.ogg,15727,c4323665d2aac01af9948ebba8911776ed3fc7ba
sounds/swarm3.ogg,16514,bcd18e94d7e374151221888f1a00f5138bf4d568
sounds/swarmattack.ogg,6460,405ee1bc7aeaeb38e729b7a5d513f3d84f264e49
sounds/swing1.ogg,5586,026fb368af13852aab6aa1c5948cba22e70216bd
sounds/swing2.ogg,5374,8fb1bdd2b7db85eb2bc9b2005da1eb46bca508cb
sounds/tentacle1.ogg,4298,959a9a5425451f35ce3ba8467419235c9b42499c
sounds/tentacle2.ogg,5064,01d41e3a877c7961a10eb0ad3e2e7a33bb271680
sounds/tentacle3.ogg,4651,a197cc9bddf03988d779c29ddce4f0795fb57937
sounds/tool1.ogg,6843,091c6f7be008be6dc60ed0b87efd501053343b25
sounds/tool2.ogg,8493,baa52b43b55192057ad4ac580338aaa5d55825db
sounds/upgrade.ogg,14824,6f802d476f72b4c208df0f662959705ba37aa65a
sounds/urnbreak.ogg,7313,12e4a629ec7b2a49160e56b702c08a2b0df7d8e0
sounds/wand1.ogg,9727,d45a6272d31ff5fca518e479d39da70ceb6a5c21
sounds/wand2.ogg,9811,46d75f031854ef3b375eb6f591a6c8b658ab030a
sounds/wand3.ogg,9750,67d6040d54825bb0790703657588c69be2e2309e
sounds/wandfail.ogg,7189,e54f21db6177a7b81019f424e01d5ac9c421dc2a
sounds/whispers.ogg,12528,7eed7ffdca8084109701578bee36dca43f4d82ac
sounds/wind1.ogg,22930,4cf2232ee13e93de6bfaf057354cadbb0d8a94c3
sounds/wind2.ogg,22464,6dae5820b89f872cc977061069a76497d5c39d58
sounds/wispdead.ogg,16366,ad5f8fdd98db4fffea5da697dbc9bf7c1e032052
sounds/wisplive1.ogg,16907,d229e75d0770e0b31ffee3568e2cb71a4fb7873a
sounds/wisplive2.ogg,14142,8c69ef278cf58042d83473e03f882758564321d2
sounds/wisplive3.ogg,12732,42a9e7f5c490c71c2e14a08d68dd35383e5a819e
sounds/write1.ogg,7161,a5ea1cad390b2497e767ce886cec01b825a5463c
sounds/write2.ogg,6984,f9b008f65bdbb666c9f1d99e14699e3a2b101034
sounds/zap1.ogg,6583,aa60328e54e9e1e1d297ddbae1fe165846e2e017
sounds/zap2.ogg,7344,19112b2133f4a734b5fa0fcfceed3199579751db
sounds.json,5450,295bc6ecf3b4462dbb01e9507295527be63b6ee0
textures/aspects/_back.png,1897,fb8be463fa5c9db6e177feb380f006818347e064
textures/aspects/_unknown.png,1155,8dc1da9fe9e65a31c1505e02b83e2ed9ade12cee
textures/aspects/aer.png,2556,18fbd4604033f97d6308f8c6cb4f508e6c5784f0
textures/aspects/alienis.png,2416,1aa68d332ec33a34ed273233cdc0ede26f88afe8
textures/aspects/aqua.png,2055,c22353a890bd0aa6e89b3b1afec3cc3230bcd471
textures/aspects/arbor.png,1964,795eac94df3b4a829360ba233742ef99e4b44285
textures/aspects/auram.png,1866,5ba872ba30f8a4041c54e20124a07a61583011f8
textures/aspects/bestia.png,1620,bb6d68468f08a7414c060623e716463361f27ad3
textures/aspects/cognitio.png,2003,40b5c1cf00dedaf5f3af7622145f8ba165f1615e
textures/aspects/corpus.png,1403,64506b700befa20a66d0bb1a53d198ba735b42ab
textures/aspects/exanimis.png,1437,38554abb011653f06ba53fb34d7e753a9108b495
textures/aspects/fabrico.png,1814,4743e668c28744cac966b7367bbcd1679e3ddd4d
textures/aspects/fames.png,1752,a4a10a4cb878afbade6df63a180ee827e4f7c757
textures/aspects/gelum.png,2384,44f791de06f0e0de9a3984c6eb726a69aa68d931
textures/aspects/herba.png,1821,c0163778861c7aa9ab5381043ff2ef8446b59701
textures/aspects/humanus.png,2265,0baa77ed4780a82ef206ea747cd2b76a066e6e54
textures/aspects/ignis.png,2392,043db6dc93aae7230bd4cea1626aacede121eedd
textures/aspects/instrumentum.png,1467,1a0b64e05e4012cba10e4300796450d0e9d51361
textures/aspects/iter.png,1585,5c784ce5b89486e2ae80e6189be02af02b570689
textures/aspects/limus.png,1961,ff66c0ff41b869fd529a675a65c9ba8cccf17836
textures/aspects/lucrum.png,1679,5f9dabfeb05cbf7b0d992adf2c617cad684aa830
textures/aspects/lux.png,1232,ef27afedd11ef37341cb8dff0ecbb10e73779113
textures/aspects/machina.png,1685,b401621958ad1333e9fd8350376e1006b98a65e8
textures/aspects/messis.png,2607,df28ab758685eea28328cea925fefb1723c2eb33
textures/aspects/metallum.png,1454,9256be822a7ffc776d7ba1ed46cad89ec52c8f13
textures/aspects/meto.png,1502,787ee8d1e3865e027be820af9648f8903d645289
textures/aspects/mortuus.png,2115,db71435c833eee56ddcfb943a4447def799fbfbe
textures/aspects/motus.png,2274,69a344d364bd6cc4f4041a4e93463e910d8efcfd
textures/aspects/ordo.png,2582,5ca60b54053740b26d1910ee4b550d98f915ed88
textures/aspects/pannus.png,1575,4159dbecf88b494696ffd7a1f9b12bb6fb84ad90
textures/aspects/perditio.png,2078,6713095e94168fffc0d2ad686248b321219e2e1b
textures/aspects/perfodio.png,1974,2ad8ae2a193175542fe46af562ccc9bf5cf4f7d0
textures/aspects/permutatio.png,1893,c019effd436d445fc22c3bc70a31fbc11ba01901
textures/aspects/potentia.png,1914,8d993508b1265eb11c8801a0a89924f4b4845175
textures/aspects/praecantatio.png,2042,daacd782bdd66d6330f85d3354cf18f33164cb4d
textures/aspects/sano.png,1743,6c85a7c6d95ca6affac9e2f138cffdce9a49e15d
textures/aspects/sensus.png,2455,80fc1eb9e7453b9a8de47baf564cb0b792baef65
textures/aspects/spiritus.png,2293,66d3f602c31f6b4930e117ab6273c0904bb73ba7
textures/aspects/telum.png,1679,980551b114f4f07e64d1505f538ad26b8d6dd50e
textures/aspects/tempestas.png,1583,4a7040edea313d7760f2a894a5e2b17cf672315d
textures/aspects/tenebrae.png,1403,e9d7d27928c8cabf0010bb584f0f37bb558e28ac
textures/aspects/terra.png,2287,08486368387736d36446619a79c92ee15ebe22ad
textures/aspects/tutamen.png,1903,792a035c517cfd95f649d12a8595de8d8beae587
textures/aspects/vacuos.png,2125,48691f69950f4c3eb7fd12248a0674c0b6c0bf97
textures/aspects/venenum.png,1728,4e7dfc1657fe1b45210403e23592339ca54906ba
textures/aspects/victus.png,2386,405b99f9d6f23744c71626efc205f2d40a3356a0
textures/aspects/vinculum.png,1763,97aae30f873aa539dae3fc1528ae084648519ca7
textures/aspects/vitium.png,2319,e5bda8e263fd19ff4739eac1c5f02815389f95ca
textures/aspects/vitreus.png,2184,1990624616389875d4aea49cecf28b109a9185d5
textures/aspects/volatus.png,1529,37860e23f2861d80f8230c33fb7dc9f1601462d2
textures/blocks/adoorbot.png,648,6f6c40c59b40cc828e4c5af300189c82cd626d51
textures/blocks/adoortop.png,722,033ee91f95cde251a6fdc89fb32eeb5274c95b4b
textures/blocks/al_furnace_front_off.png,613,9ee51fda85305e03883b6ec6e3849ad5c0135f8d
textures/blocks/al_furnace_front_on.png,809,87f7daadf6b38dafb6d1ce720b01487dfc3e9409
textures/blocks/al_furnace_side.png,599,5dffca7c6f28f455a77f18df1a9dbc8dd9ef9c21
textures/blocks/al_furnace_top.png,590,0302ed690001342902bf14aa04293061aa1e85b4
textures/blocks/al_furnace_top_filled.png,696,151a101a12bcdd01cae2374841c430aa0fa90d7f
textures/blocks/alchemyblock.png,2226,2391fc36153a3c868b29f7dbde23978bbb622958
textures/blocks/alchemyblockadv.png,2922,587cff433b6e41235f068fad31536188dbb2b372
textures/blocks/amberblock.png,869,2f250fd224854a50dd8145e6fc9d144843536d01
textures/blocks/amberblock_top.png,834,f4a5b310d95e42de0fb84477fc278cd03271b747
textures/blocks/amberbrick.png,673,73c2f9a5ee5d1eac467f4d2af1680bff69e4012f
textures/blocks/amberore.png,670,474965e3a4f453c37ca73f2522ed92bb985b110b
textures/blocks/animatedglow.png,5342,7f1b4927d54d9eee62e9c13b58fe841e9353c6eb
textures/blocks/animatedglow.png.mcmeta,426,b85de4b2735450ed3f4b34ff138ad8970464518d
textures/blocks/applate1.png,717,915e346997e98ee0da09ed1da2093f19f4f6656c
textures/blocks/applate2.png,718,9304c7665a200b2433a5616aaf1469360a5213ad
textures/blocks/applate3.png,726,eb8a2e871cb2272a6b3adaed24c261eb43047437
textures/blocks/arcane_stone.png,566,00231f301ef55a329ead0e3563b58b922b525c16
textures/blocks/arcaneearbellside.png,545,6b844183683afa2b914f36d8a363db96147a30f7
textures/blocks/arcaneearbelltop.png,489,de377f3f4e00172256e242f3aca42316fa14fc47
textures/blocks/arcaneearbottom.png,626,7d8aa78b93746139453dba45b48d5285e09b80d4
textures/blocks/arcaneearsideoff.png,551,757e00d2fcf0a1674cf426dc527e5174238dff80
textures/blocks/arcaneearsideon.png,554,771750548359b34b53fd96b801feac77c3217daa
textures/blocks/arcaneeartopoff.png,677,066db7da4ce57582dec4138fb1e6a8da8651215b
textures/blocks/arcaneeartopon.png,682,5e99e25833465341c420ced1d594599a492394b8
textures/blocks/blank.png,187,c398cdcd7d563e560c1530d725366b0d3b6d92cf
textures/blocks/brainbox.png,716,60e5d5569940f3c43dab687ce040bc61ee647fb9
textures/blocks/candle.png,914,a48282d6aeb09d1402295232892e8c085a829a5c
textures/blocks/candle.png.mcmeta,21,700ec13e51f7f22e4230a25c3727513679110317
textures/blocks/candlestub.png,226,4ec784ef45c81312b93e3678570d32d7d09ef3c2
textures/blocks/cinderpearl.png,330,1c6d77ae488b974449dedee682c67ba3ce04e65c
textures/blocks/cinnibar.png,590,b7d0d93db0c357c0744dab1388a599ae8355a935
textures/blocks/crate_side_0.png,707,6729f24ecef61c3e579762b88e8cc6a4622167e4
textures/blocks/crate_side_1.png,725,3a44d88284d1fc19403ab91a69775e600f2f3d42
textures/blocks/crate_side_2.png,731,154b6e80235d036bc2dc260bba3f426c58fdbf79
textures/blocks/crate_top.png,707,903c86774c36b3f378c21e26f82e35c915e1430e
textures/blocks/crucible1.png,420,078869a39f6838231ee5887438d95c80564963da
textures/blocks/crucible2.png,246,baba68752d7ca7d4bf00e2db843a2f2d4b3bf218
textures/blocks/crucible3.png,584,00a24a4d7b8d7776b034e94595ff1d7a665a5bd0
textures/blocks/crucible4.png,402,7c34b008ee34423f808063a2ab60dc3b363541ae
textures/blocks/crucible5.png,532,e61ce585d973de5839ccc3eb1b2054aa8b3f9bf6
textures/blocks/crucible6.png,436,1968e8407dd255db77e226ddbf4cef8d9ca6b575
textures/blocks/crust.png,2568,5af59edf4f909569e4ddbb63854fa793c3ededa7
textures/blocks/crystal.png,340,a818e685daa13d3c16c606bc972610925b7f1cc6
textures/blocks/crystalframe.png,457,549daa3a9b32f681221053837b078a75be8ecc48
textures/blocks/deco_1.png,2376,9200e8658c3aacc81d5f7bda04d41cdab376dfa1
textures/blocks/deco_2.png,2115,9ded4e673119263ea5f8674e21f03ae2223c481f
textures/blocks/deco_3.png,2401,414eb0c3795e6f9ce2faa73d2c6fd653992f1c72
textures/blocks/empty.png,204,c4f56262df40f3aa3270a2b0395b12b36022921a
textures/blocks/er_1.png,722,0f79e4297b44e04cbf0db078502525ad38537698
textures/blocks/er_2.png,738,adc52f365587218b3bc21b38afba9f0d603b9d81
textures/blocks/er_3.png,749,00fccdae7950c934fb1a7ab37af8417f1adfb612
textures/blocks/er_4.png,756,21ce38f75bc42b9637295dc33da616bf87b9e0b2
textures/blocks/es_1.png,711,a1b5646bbcffd27e8241f40a80c70ae898b0bf5e
textures/blocks/es_2.png,728,b0c10fc4bdbf6b9c8a5c924ec51e7517aafab8a7
textures/blocks/es_3.png,712,d607300fcdd9022b88cf60b4400eea5ff4804089
textures/blocks/es_4.png,669,cb145d148fe1e6bdf02ee5f56cd7c85cfc5f0685
textures/blocks/es_5.png,781,5734a3353320744772421340097cdc2e0f4176f2
textures/blocks/es_6.png,773,247fe279af65aa6c25c8fe481dd42625a4c425d9
textures/blocks/es_7.png,770,a44c5a3ac6ce77fe968b67dec550047eb3ab5910
textures/blocks/es_8.png,763,e9990c46a92e66214f3a0ad3fc16a3591552b105
textures/blocks/es_i_1 - Copy.png,2455,a9551196256c000db9a2dbffb5640e91f3ee7fa3
textures/blocks/es_i_1.png,11247,8ccc53b2be95bf651e52dba1f0ee4fcc8f15fb63
textures/blocks/es_i_1.png.mcmeta,154,277ec2f9297c9f9bcbaa58037faf6cda259d1adc
textures/blocks/es_i_2.png,2472,5c569c9641fc99d90210a388e288a332e8060309
textures/blocks/es_p.png,709,f77c527c6ad4c8fbdd536318eff12b02f8e3f806
textures/blocks/essentiareservoir.png,575,49f81b0d2869e072034199d10aaf72fae581afb6
textures/blocks/fleshblock.png,834,db0146fbd61d4c3ab5f9e72b81cc782270d8c520
textures/blocks/flower.png,437,f63c6d6f248e47b8e35f3618ae3901d50f389ff2
textures/blocks/fluiddeath.png,6806,3f1bca3237a5b7868b07636bda35a82bfe20ba1e
textures/blocks/fluiddeath.png.mcmeta,426,b85de4b2735450ed3f4b34ff138ad8970464518d
textures/blocks/fluidpure.png,8758,44933f577c22cb40da6bac88378993e983cfd904
textures/blocks/fluidpure.png.mcmeta,426,b85de4b2735450ed3f4b34ff138ad8970464518d
textures/blocks/fluxgas.png,14659,7095317c5684d6c18bcdce1d100c2540b0946724
textures/blocks/fluxgas.png.mcmeta,21,700ec13e51f7f22e4230a25c3727513679110317
textures/blocks/fluxgoo.png,14659,68b49fb74d9f56e99ee09233f785b101355d88b8
textures/blocks/fluxgoo.png.mcmeta,21,700ec13e51f7f22e4230a25c3727513679110317
textures/blocks/frostshard.png,3013,d83adac06eb1a858ccc109670993a1e3d0cf7a0d
textures/blocks/furnace0.png,683,ebcc446a1238256d050452a33bc704b2aac6bbca
textures/blocks/furnace1.png,665,b9277841cba6db0013bc216a9983ca565abbedbb
textures/blocks/furnace10.png,755,9ab4b0c95aeb31c27ad1aab49ec0dd7a2fcff72e
textures/blocks/furnace11.png,681,c621127c156b265124230959cdaba863a95e72cd
textures/blocks/furnace12.png,648,808e5b58cd9f6137bda0acbfac9a237d96027c98
textures/blocks/furnace13.png,682,7d6912f7b757b4a0ce945676d0a8ff940864fe5c
textures/blocks/furnace14.png,608,7d93121c830d42410aeca54f610e2b26e258a094
textures/blocks/furnace15.png,281,17de532f0119fd93efab2022fd1b63785b44cd24
textures/blocks/furnace16.png,655,1bd2cf94274753d93ea5d9113f1946df65be9152
textures/blocks/furnace17.png,647,a39e19f6893a2fbcd4778337eb55dd9184b10c4e
textures/blocks/furnace18.png,707,d3e033407b748d87db4aea867de15c9b34e51be3
textures/blocks/furnace19.png,683,68499ebab395e40980261734dd73d02d4d7a3fcb
textures/blocks/furnace2.png,680,3a2153db0572e1291ff2930adf3de8f3cba8137e
textures/blocks/furnace20.png,702,5ce1e6bbf3bc794805ca87882b26fb0ec413736d
textures/blocks/furnace21.png,697,ede19e230fac4baf91d4a15e15611d4b8af0a020
textures/blocks/furnace22.png,647,a7de3ea01c6ecb788dfc82530fcfe2c17188698a
textures/blocks/furnace23.png,691,e84879630a31ebb50e4de6d787e952fe178495a9
textures/blocks/furnace25.png,658,6b2e1a9f91867513e7b8195bf73e65437fe1a932
textures/blocks/furnace26.png,659,0d3130a97666546d2cfef18e3671e7e4da8df487
textures/blocks/furnace3.png,677,f87570a3e5b6437eeea1a5183b061fa8fe37f50e
textures/blocks/furnace4.png,649,5303ed35cf829c6957422c3e8c24166f3821bbca
textures/blocks/furnace5.png,674,d1825ada71895e830e59ab2937cfadab7dbd676a
textures/blocks/furnace6.png,514,e9a8f8a75116de0584b78258ce1ee20f2bcddb80
textures/blocks/furnace7.png,701,3abc4fa0b88f2d3881e462a145d36925280c1924
textures/blocks/furnace9.png,697,1461905c137913d05a0e47de58b56c6d5c4baa1d
textures/blocks/goldbase.png,641,ea28b95a7218e232a6069f3e4bb71bfdad26c9ed
textures/blocks/golem_stone_side.png,635,ad4b3f55d1c114861148f384c119cf26bd737916
textures/blocks/golem_stone_top.png,620,afeefc0cbf232e7b59929a2489d6f4871c48f032
textures/blocks/golem_stone_top_active.png,850,3794132b89df69898e296de3a17574e861725445
textures/blocks/grate.png,592,4dfe8d2668aae07261ca9df8797233492683349b
textures/blocks/grate_hatch.png,416,9a08903d489779ed2ce831a25c8cd0403c90825c
textures/blocks/greatwoodleaves.png,743,5e53d31b42231c0f8583e58ee99921ce2168ddc9
textures/blocks/greatwoodleaveslow.png,661,aad63c331952d762e4c6af95ff2bbf1cd11b0595
textures/blocks/greatwoodsapling.png,719,055359c6ce03ef16c6aa89f520e40e188f831401
textures/blocks/greatwoodside.png,682,5e06d28668cc0764f5826c8b9ee98fd30453a691
textures/blocks/greatwoodtop.png,846,1e070f6adc2673cd61f72831b0f183e3813ab945
textures/blocks/infusedore.png,12224,f703189eac7b4370521646bdca8ac928f626dec8
textures/blocks/infusedore.png.mcmeta,44,11af65f9ec75a1e408a003168b0610b3965b4ed6
textures/blocks/infusedorestone.png,1727,a1ff4c6fa456e6f4db5529a5519846be909b25e4
textures/blocks/jar_bottom.png,445,ca52b5fe43f52cf106b350f04bee010d4627f09a
textures/blocks/jar_side.png,601,9d1a41c3d0cc1d4e91f07ac50b06e8fe5b131fce
textures/blocks/jar_side_void.png,607,1ada5dcc4c15ed103f7eef64b57dc65d4f4c76d1
textures/blocks/jar_top.png,529,64fa8e4eac69940391bd4c9793a32e668509944d
textures/blocks/jar_top_void.png,562,a569a60dbbd67b93df0f2d899ad63e3c86183b40
textures/blocks/lamp_fert_side.png,1086,a257ed7d88bca7a0d2acc427e4febca437380cd4
textures/blocks/lamp_fert_side.png.mcmeta,143,a08038e265b96f59086087b0a54f9b60f74cb359
textures/blocks/lamp_fert_side_off.png,449,c2068aff9643921aa4da30104039d9870ecce8fc
textures/blocks/lamp_fert_top.png,683,7ba375c84c9087a1fd776fdda697ff809bf4a00b
textures/blocks/lamp_fert_top.png.mcmeta,143,a08038e265b96f59086087b0a54f9b60f74cb359
textures/blocks/lamp_fert_top_off.png,387,2e6beb4fdca396f163abc15b0dedcd75cb110854
textures/blocks/lamp_grow_side.png,1447,36ee01d38e2d69cf55c62612e4f790d29874930c
textures/blocks/lamp_grow_side.png.mcmeta,143,a08038e265b96f59086087b0a54f9b60f74cb359
textures/blocks/lamp_grow_side_off.png,431,c24ed15fde4de84ae08bf63edb8f067d5c02ee49
textures/blocks/lamp_grow_top.png,825,276bcd3122f6eabb2593a4550be2c0f67ba85025
textures/blocks/lamp_grow_top.png.mcmeta,143,a08038e265b96f59086087b0a54f9b60f74cb359
textures/blocks/lamp_grow_top_off.png,388,612f21e97408ef62d5e9369c8da284dc663df7dc
textures/blocks/lamp_side.png,1230,1e6ecdb52862e24c5641450e079381b61a756a3c
textures/blocks/lamp_side.png.mcmeta,143,a08038e265b96f59086087b0a54f9b60f74cb359
textures/blocks/lamp_top.png,758,9e6ff673046db0d9672ca775570e594599b75b47
textures/blocks/lamp_top.png.mcmeta,143,a08038e265b96f59086087b0a54f9b60f74cb359
textures/blocks/lifterside.png,806,406e65925cb8d5489cb1b2dc90c847e41b6def50
textures/blocks/liftertop.png,894,09bd749d9091e6a2661273a2d0b8fe9e47cc3549
textures/blocks/manapod_stem_0.png,255,e7d211df62583bfec7fbf809b7610b6e6d46c5c1
textures/blocks/manapod_stem_1.png,265,69121d4e18a0c7353b0c8d853dbc46788fe78a39
textures/blocks/manapod_stem_2.png,296,f13c2a58f9bb0d53a9d875a1812f3d57d90d8b8d
textures/blocks/manashroom.png,608,93bdda1d9258d5037d2abb281c02a3f3437d8b4e
textures/blocks/metalbase.png,495,6f8104970094f32c1239390ad0d613d43309bf09
textures/blocks/mirrorframe.png,569,f85bfd7b6e85e393d4a3ecdf7f660c6decee0b5f
textures/blocks/mirrorframe2.png,436,c07db1a9b67f0d5d40777ef21b57d1f9e2217853
textures/blocks/mirrorpane.png,434,71e026a904dd3cdbe7f9a0abc3eb3a8c29c56712
textures/blocks/mirrorpaneopen.png,506,eb294540f9cf97a99caf55a561d59eac9880dd62
textures/blocks/mirrorpanetrans.png,445,2dc158e177f15997c8340cf6af0a8ea7b740a975
textures/blocks/obsidiantile.png,741,b7b659a914063b98ae085128175b0b91a7602106
textures/blocks/obsidiantotem1.png,781,00754145fe9db865c4aa273c413201b2c7777464
textures/blocks/obsidiantotem2.png,785,e2552053ff5f91ddeb76d1454122f425f9f1e2a5
textures/blocks/obsidiantotem3.png,777,4e45d444a13cb5c8c3b5f5c784a5672f68a22237
textures/blocks/obsidiantotem4.png,747,36d02ee8e829693eba67cf5d4a435584e74a8259
textures/blocks/obsidiantotembase.png,771,11a355b24a68a0ffe1e6950789e7a973786bc1ae
textures/blocks/obsidiantotembaseshaded.png,734,09eac0c9672c18f3c05296aa39615330c298f516
textures/blocks/paving_stone_travel.png,654,f3c890dce70c59cf76b5d0881d90e6f844cd784b
textures/blocks/paving_stone_warding.png,650,5109fd29575e1cf4d3216c836c81db4ce20def90
textures/blocks/pedestal_side.png,540,8e815031f55bade8cf3e1663fad0da46328095a1
textures/blocks/pedestal_top.png,565,48ea00b89f694a77de3ade7089d51f5077b0f867
textures/blocks/pipe_1.png,640,558f15c02b99d3908af90cd4a9d4b1563e587c2c
textures/blocks/pipe_2.png,649,0c057225b585d05c38ddd5988c34bcff10b8be8e
textures/blocks/pipe_3.png,306,a4fe34091875a1bc2ae7a447dcbbeacf33833de8
textures/blocks/pipe_buffer.png,1630,60ddaa9250ef3c92fa3832a932ed1f9305f1b8e6
textures/blocks/pipe_filter.png,751,719e1002588342cc5b985dee75bcc971086990c3
textures/blocks/pipe_filter_core.png,353,0d1a2e6930d1a1772c0f2e3c37f76e25a3c95452
textures/blocks/pipe_oneway.png,374,476e9d1b61936afa160ecdd47703d3c1005d161e
textures/blocks/pipe_restrict.png,706,38a4422e01af681dd8ea7630bda1168e58e87c4e
textures/blocks/pipe_valve.png,530,df9c4db4fa7193347cbef1fe3c6f3de442102863
textures/blocks/planks_greatwood.png,562,4e5a2f26225d942ef06117fa1ee6fe1fb8d2d5be
textures/blocks/planks_silverwood.png,901,268f1e88deec13a7efacaaeb9ef2910e9198d0a1
textures/blocks/purifier_leaves.png,447,b6b67e7ded9d69dd5763cf479961aceeba18f09d
textures/blocks/purifier_seed.png,585,e9c3bd45d2b7e57a87866e00b50ad98339d56a93
textures/blocks/purifier_stalk.png,361,0ccd30dda4bbb21c637db7442466b6643f53b72c
textures/blocks/redstone_ring.png,266,470ba74d538991094c685155029900c96c467754
textures/blocks/runeborder.png,2842,9ee959641a44c0ec9d402cfd67ee3c2eb50794a2
textures/blocks/shimmerleaf.png,319,3e058a193432a8280da6c8731936783ab987109f
textures/blocks/silverwoodknotside.png,858,e2da19fccc6bd2ae80994dfdc96246df2827fbdd
textures/blocks/silverwoodknottop.png,904,848c6a7c3c3da5fdede657d40594b4d4fdd08f6a
textures/blocks/silverwoodleaves.png,908,3b767c492c804f26c0d81ee3540433d75f649370
textures/blocks/silverwoodleaveslow.png,875,b9ff0a4fb65041468a7ea96ab19aa572f5d9c86f
textures/blocks/silverwoodsapling.png,656,45c872e52df7aa08237bf9b7d89f96fbe510800d
textures/blocks/silverwoodside.png,841,6618e68872d8ed4e06270a84771fae03bbf90ada
textures/blocks/silverwoodtop.png,904,6a29276383309f5a6d69eb4d0d5c2b120e48cbbb
textures/blocks/spa_side.png,548,0b391d5ec95a49e8041d8b9eb6fe4cfa88939082
textures/blocks/spa_top.png,547,c605a74af38b541cb6da410075eb3e525d931cf9
textures/blocks/tablequill.png,439,9359bc89413679326cf8cc089fec270365807b43
textures/blocks/taint_crust.png,674,240a737ea8af50a3d48d30eaab32da28a29aae29
textures/blocks/taint_fibres.png,1338,831436a14c2d2eedebec13b36d859a525b3a4fcc
textures/blocks/taint_over_1.png,275,a441fb11efe4827c81cefaf847ed81f39b9bc40f
textures/blocks/taint_over_2.png,316,5036838b0632eac6455b2eb3feeda29aa6edd0ae
textures/blocks/taint_over_3.png,287,e5442838b06e5ff1f256011afe268a3e466c3d83
textures/blocks/taint_soil.png,613,96542e559f032bb8f8e2a9024c58cf0f1b96af85
textures/blocks/taint_spore_stalk_1.png,550,90d620fc11c4483c6032ae165a7953ea8e252648
textures/blocks/taint_spore_stalk_2.png,833,8cf4cacb5903bdd4b83bf16ed1224dfeb33fbdd8
textures/blocks/taintgrass1.png,374,a19e4d0f30b2b6752b97af2be2f85964b80ae413
textures/blocks/taintgrass2.png,516,890d39fd50399dd54a00d184e2bfd2fe00b3ba48
textures/blocks/tallowblock.png,674,85f4f441d2eb4352b27e6ff6526e2687bcb633b9
textures/blocks/tallowblock_top.png,552,03067d7f63da0276d54ccf3255292427aa79f869
textures/blocks/thaumiumblock.png,598,bf3ddbf0f9d6e29df8221ddf02095524c396d1c4
textures/blocks/urn_side_0.png,698,cc2aa69c8f32b6f53f66afbb01ff3367bed9caf0
textures/blocks/urn_side_1.png,734,75cb2d6f5d3132ef9db297d1e9e63f442e0de2a7
textures/blocks/urn_side_2.png,760,caeb9bddcf674ce0330f34af9da9e68d647e0cd9
textures/blocks/urn_top.png,605,2515f9ae64720ffbe91e1b98e70a02f6a5202097
textures/blocks/wandpedestal_focus_bot.png,477,a970ec6ad77cd736e15cd2e0fa2fbd953a8c0791
textures/blocks/wandpedestal_focus_side.png,377,6aa8e8dfecf40b3104bb4e97ad69700f02c75e7a
textures/blocks/wandpedestal_focus_top.png,464,ade01daf5398bac09579e4f01beabe7af0cbb3df
textures/blocks/wandpedestal_side.png,599,662b7afd165291350d53db541e5791652d8e219b
textures/blocks/wandpedestal_top.png,670,1faee4c144d63811380edde10a7f0e731676a819
textures/blocks/warded_glass_1.png,1914,188ce70b5492798fd48a2efc9698df8ee403ce90
textures/blocks/warded_glass_10.png,1687,6f587ef469f344b29607a9c730538a7519c27ecc
textures/blocks/warded_glass_11.png,1546,0a7beb0a8342a70569b6c2cc6474ba869b4ed472
textures/blocks/warded_glass_12.png,1176,cfebc135ce8322e7ccd7fbe95c415e6db873f6e1
textures/blocks/warded_glass_13.png,1507,97604aeba6e2399e0a7d092dd39066fb3ac81032
textures/blocks/warded_glass_14.png,1708,3fa230bdc270219cf64841c40d62fd879940285d
textures/blocks/warded_glass_15.png,1462,3439e7c103fc64e380e1af3f3828b0a0c0cd310b
textures/blocks/warded_glass_16.png,1660,6ce8febce3b21b52474b2b7242d64f8c8d6f0a54
textures/blocks/warded_glass_17.png,1771,fa32d4da46915b7b75bfdbd33b95970b37638194
textures/blocks/warded_glass_18.png,1753,eed641e348e71bfcc8af5621b0c6d27a76f65b70
textures/blocks/warded_glass_19.png,1825,2ed33da83155baed5aaf041f2bc74d1c5a2711db
textures/blocks/warded_glass_2.png,1797,504aad76f0032dcff614de10158f1eaaf9fc1481
textures/blocks/warded_glass_20.png,1798,28970fad4f01974919b33abdd3587758f149ad4e
textures/blocks/warded_glass_21.png,1690,8fff7024060a1ac9c360ea0a3072106c7794f483
textures/blocks/warded_glass_22.png,1584,5a699fd15c36a961f878eafb13c45e28d56c3272
textures/blocks/warded_glass_23.png,1762,0d2863744042cb957f9da9a0c70f1add3598d9f0
textures/blocks/warded_glass_24.png,1577,698c4d8007c5f824f6f706dc4d7c531f5a26083e
textures/blocks/warded_glass_25.png,1635,97ff7f50c293dae8e864ddf6e7cd475061d5ff40
textures/blocks/warded_glass_26.png,1589,6373b286505af4464e2bbff3161ca619217b4c2c
textures/blocks/warded_glass_27.png,1656,6b015191f0091172e59cf52edfd6c0d8026f1edb
textures/blocks/warded_glass_28.png,1522,273c07b12c1f664c30c1b712ee7b24146e5140ab
textures/blocks/warded_glass_29.png,1618,8ea368a16ca3f24038d3c4079cb41617125796a2
textures/blocks/warded_glass_3.png,1601,df4a559f8664d939ebf22ff5112678a54a5d2319
textures/blocks/warded_glass_30.png,1581,ef7f4d1005e915d038edda6f19700da33e09535f
textures/blocks/warded_glass_31.png,1663,18474ac4b5ef97d3ec38dc25b99eebb1ad1018bb
textures/blocks/warded_glass_32.png,1518,af79872c985d342c2b35163d09dac102069b2547
textures/blocks/warded_glass_33.png,1275,1349f53ae0073755768f80fa5789ee1b7cbdf093
textures/blocks/warded_glass_34.png,1305,bf972a41e8353182117666fc35842305b012869f
textures/blocks/warded_glass_35.png,1308,46b600f0453cbe99f180fc5e746eaf1d0eb2fb59
textures/blocks/warded_glass_36.png,1298,dc6a7d3b59b14a8736df244f0fb9656d38150063
textures/blocks/warded_glass_37.png,1372,979c5b08cc6c3913600bc6f49f67ae8cdda36e99
textures/blocks/warded_glass_38.png,1375,4524984d55b4d005ccda9b8230666149cb4e75a7
textures/blocks/warded_glass_39.png,1358,39715fc231725aaeec62b530a4f15fc0d1481584
textures/blocks/warded_glass_4.png,1769,d2e7eb334227f628d863ef287115d0cedb8644ad
textures/blocks/warded_glass_40.png,1398,c854c55338ab93cab5eff684342d080815bf6958
textures/blocks/warded_glass_41.png,1384,c7bb3bc772c4bbeeabc59e516e647e8b06713085
textures/blocks/warded_glass_42.png,1395,e80d25eb2e659ab2f6352b240b8deb50036eed53
textures/blocks/warded_glass_43.png,1441,80cd23ebaef15289c0c5c6650c1b293c941e8968
textures/blocks/warded_glass_44.png,1449,dca3950452d7386a342d2c5d01df568eaa3a7d33
textures/blocks/warded_glass_45.png,1465,a562ac7685d70faf1368b8e7b9d251885e9065e6
textures/blocks/warded_glass_46.png,1449,fe2563209009eba08d7e16e326908fb42c6c6923
textures/blocks/warded_glass_47.png,1510,651d2e1c0bbed3413e72234e9bcd228711355f33
textures/blocks/warded_glass_5.png,1874,7599d1b428311d360f2b3805fd240f6b5c1ac9c6
textures/blocks/warded_glass_6.png,1806,f82891f2deca90cac53cf7c3e1d73e4958dd1f6e
textures/blocks/warded_glass_7.png,1867,982c6aad3174c3d71096af53308a6d95671a38b9
textures/blocks/warded_glass_8.png,1709,561f2d45532136cdf93a41fe0a189ad2ebeabb61
textures/blocks/warded_glass_9.png,1446,4fd032cb754ec644b771c71dd11c4cb23a387ec1
textures/blocks/wardedglass.png,390,4eb8f2fe82267926195d1c03f97cd56ca224245b
textures/blocks/wardedglassrune.png,306,f4115427e43585035451eeaeaad885506761a169
textures/blocks/wardedstone.png,568,c9d17f6ed9955c6c4a292aed015e10128d4a5b54
textures/blocks/woodplain.png,596,99405cfcf780bd2ce830dac19797149ceac45d8c
textures/foci/alchemistsfire.png,2579,03d6668b993c09e7f076dceede5c7d3cda7b13cc
textures/foci/alchemistsfrost.png,2463,cc432dfec202afb7b15d7f1cae8bfa6593bfcb4a
textures/foci/architect.png,2579,0229420248dce4dbdc1c51c0987b31fe8fda43dc
textures/foci/batbombs.png,1896,47516aef143a870c271f90c21b52d5b987331eb1
textures/foci/chainlightning.png,2068,75a8d47498e1caac2debb46256e9863fe95f8c58
textures/foci/devilbats.png,2381,055532ab58526f664395b71789e93a23385cc807
textures/foci/dowsing.png,2236,d807eb485c1d8d334fdd027f9ddeb9e978d133fa
textures/foci/earthshock.png,2659,95a28bc22880adf55fde4f129480560d8b7e73d2
textures/foci/enlarge.png,2721,4b092c414725fee2e8b27cb85a5b1c3363749227
textures/foci/extend.png,1946,fa2d9ba4c862dd2528ad618b80ab301e075f08d8
textures/foci/fireball.png,2634,a0e42c4287fe3201623a075e539dd33a8695d7d1
textures/foci/firebeam.png,2312,81d437300331a99afd35ce8b0f9cebf49a7a3d65
textures/foci/frugal.png,1876,6c8e99e9f5af53493d85fd2b906fddc715e6fbfd
textures/foci/iceboulder.png,2523,78a3469df08c6adba5b22011992738aac6b41b63
textures/foci/nightshade.png,3007,82ab4c0a4f8b2b8f516bdc307b82ab5b8a55a5eb
textures/foci/potency.png,1764,69b16a762ebdb3570cde5b9ffac0cfd127fa49c1
textures/foci/scattershot.png,2212,bf735c7f157fd3071cac7c781fa528f0a4f45195
textures/foci/seeker.png,3036,40e986f0bd9cd34871ec8c77b621016b01522685
textures/foci/silktouch.png,2312,a5627430af17c6a0ecc9da23afe22f6f2fdd576c
textures/foci/treasure.png,2310,ee70784d915a4bf4720d20002c50b7922a4ca15b
textures/foci/vampirebats.png,1584,47cf5c188724352d9fc98921c723ab43e9d89cd3
textures/gui/arcane.png,7128,98c490c1bf88f44c5aa2668b0c432cffc02c0093
textures/gui/gui_alchemyfurnace.png,12034,15c8876ef3d529d03b9db86edd5bb5ca2b2e014e
textures/gui/gui_arcanebore.png,5220,9f325928250cebd68a37d205326459c29d11d3dc
textures/gui/gui_arcaneworkbench.png,42623,00cb21e747285c6e583cf68f9d13a339145e906c
textures/gui/gui_decontable.png,11833,2e1124e329f802162e404d6c44850c585214b797
textures/gui/gui_focuspouch.png,35279,6b50d333255cd30f6751add4577b7c136bdaba44
textures/gui/gui_pech.png,6966,50a869f98f3d670fe9c994f2d786c0da9b470e2a
textures/gui/gui_research.png,37520,b6b0e597600c70be00bfb550180891a8929488f1
textures/gui/gui_researchback.png,315713,3f31248582578850eed4493123f02fb79d7671d9
textures/gui/gui_researchbackeldritch.png,390881,e344befc40e33a4716516ee209836edf2c865357
textures/gui/gui_researchbook.png,258385,4a691945de3f761284ea7768c883625e2ce858c2
textures/gui/gui_researchbook_overlay.png,92929,830f0e5f8f70070f7b672b9cb413dc871ee26679
textures/gui/gui_spa.png,10419,4d7c933dadf4d0e7f865b426a1f8585f3dd69d6d
textures/gui/gui_thaumatorium.png,16455,13abe7ec1d41dd49e5263233c6232456c8005598
textures/gui/gui_wandtable.png,43032,4c0109cd826c00ba9ef5620120e7bfee7c88fa23
textures/gui/guigolem.png,17500,e5b33257ce2da0daf49410a053b9f0c2bc62c395
textures/gui/guihandmirror.png,8429,a774ec607fdfe7ad860bd4adf53ca4317f1eaaeb
textures/gui/guihoverharness.png,11908,2aa45955af0a331c87730db0c14d6bb57630020c
textures/gui/guiresearchtable2.png,64222,1619e2048800b2f42d1d2ea9ccc298965240048e
textures/gui/guitrunkbase.png,17231,e09f969506f01e6649019380741058c52cd7c6a3
textures/gui/hex1.png,881,dc5541e1129b7ffa8cc8bbef4bc334ad12df10e4
textures/gui/hex2.png,1445,ed2bf2457800782d9314ed15b4b635e1637ad704
textures/gui/hud.png,12413,904076713cda702f1314110d974f8c70f222251e
textures/items/alumentum.png,754,aec2f7cdd61beab45e96b380ddfddd9dda857336
textures/items/amber.png,637,b2cf2acccabb411da758bd71394c7cddc734b497
textures/items/arcanedoor.png,568,70a658a3ab7fa3de92b230d406dc1b39269cb132
textures/items/bath_salts.png,1888,377769e790f0af6e98d6652c6345c295971ba9cb
textures/items/bath_salts.png.mcmeta,40,cca609e89643ffbbfd26e84fc1fdcdb22a1fff09
textures/items/bauble_amulet.png,474,764e68947ae24f66a7e4f15c49438daada5a5f90
textures/items/bauble_belt.png,483,c602658b3e063559302d9bbab7830e7d75ee9973
textures/items/bauble_ring.png,414,10c7099ac05d7ccd822cf050937adb526ea7e0be
textures/items/bauble_ring_iron.png,394,4a84b687ef560a26afde7ce70f8e44e9d1c9dade
textures/items/blank.png,187,12f29d136e68cb063f24605d5f62ae1576737153
textures/items/bonebow.png,638,3c44490555cafda65c0dadcc2282ca6f164e1f13
textures/items/bonebow_pulling_0.png,760,3648b81daad1a114414aacf682a06b23cdf93ab8
textures/items/bonebow_pulling_1.png,757,f83b6dd31d12dbb478c4b6be128c7c215a6d4fa2
textures/items/bonebow_pulling_2.png,765,68901b6588e93cb7185c7d4b81c0d67e792e4faf
textures/items/bootstraveler.png,865,7d9c4635245bcb5bddcb6a0c10d5cd476ce54f88
textures/items/bottle_taint.png,636,675956ecb65ae07fd39e9b174931f1adf6f10a3b
textures/items/brain.png,857,449a643261063995c58648b889e2173707702125
textures/items/bucket_death.png,515,74a10c468831a55c071c436493591ff59d6fc8a1
textures/items/bucket_pure.png,524,90e6e74ffa5b7d6c3e8f54ae864ab6517d603632
textures/items/charm.png,6549,8d85ea2e081f0c4fa43920d5c279e352100510f7
textures/items/charm.png.mcmeta,194,07976c7f897dd351e7386a4911115facb8a0ee99
textures/items/cloth.png,797,1e08f86db93c4bfdfc40dc02b5a5addaa6c9c2c0
textures/items/clothboots.png,224,694bfbb9b610a093b771492f8745a977eb947f7e
textures/items/clothbootsover.png,357,0cf8fd940e5c7d85ccab112425cd98734fa15d29
textures/items/clothchest.png,415,89d5a82aadc86b9d51a11e6c23d5a2ba7fd031ba
textures/items/clothchestover.png,622,e4ee6207842db578c79cebcd1ebd79b3197c723d
textures/items/clothlegs.png,292,6ac5ba3248836e30f9d93c99bc4fbc51f4af513f
textures/items/clothlegsover.png,431,1f10adaa12756e3e93f3c70364c7705ea65e83a4
textures/items/clustercinnabar.png,757,451530978353c6481047340f5e8ade1747a2e385
textures/items/clustercopper.png,756,41b779684c574185d97cc2217c9c6432795a9f07
textures/items/clustergold.png,738,063a46eea29eefab024e4b44cc4425047030538c
textures/items/clusteriron.png,790,3caf46c3212cb9945723427c511c35f88508a309
textures/items/clusterlead.png,771,040cd109cf90289ae0b83f68c3d533b06cdc58fd
textures/items/clustersilver.png,759,f09ddde7fcb81e979a39052cf38e39e41e792987
textures/items/clustertin.png,775,eadaa5166527d562c90766ec5c54567e0b05dc6a
textures/items/coin.png,341,14c3a63806d2275c08ee43cfc07bd4e41a5fd9fd
textures/items/crimson_blade.png,435,828419b22b72f172113d6f3620ef93ef50a2c938
textures/items/crimson_rites.png,1729,2aa8ce2e3f3e5b2577678757cd0e56233d5b097b
textures/items/crystalessence.png,359,3e9c7c0edfbb000bb01f330f784214c50952d852
textures/items/cultistboots.png,414,d731ca6b08036a8f7a883121ea879d8be383a704
textures/items/cultistplatechest.png,623,eda5f521679a2a11d48af50e8ab0a0828d36502c
textures/items/cultistplatehelm.png,556,f6f8fd1f80c73c1964f65e2f976a655f5dfa05c7
textures/items/cultistplateleaderchest.png,624,8c65060a2978dcda72bf17729900b876639616b9
textures/items/cultistplateleaderhelm.png,542,e122181f407c327b5dea68beabcbdfeae0186f61
textures/items/cultistplateleaderlegs.png,535,9ec4330323b599f864a9513c30f4848365f7f1e9
textures/items/cultistplatelegs.png,491,9a9df0bd495f37c3cd8d8d4b00c96c35bffe1705
textures/items/cultistrobechest.png,596,b76a11f681f15b97a259975c2de8567084446ac1
textures/items/cultistrobehelm.png,584,faa244f175e0cca4d9427264bd127ad63ee9566f
textures/items/cultistrobelegs.png,486,b181e58911a6fc176cc520d5d2091656a8e166fc
textures/items/discovery.png,639,2942dea726f1f2e75870a8cea2ddf3ad0c46fabb
textures/items/discoveryoverlay.png,406,44e09a8daadd58959485e10d51198fe3a5288a8a
textures/items/dust.png,2985,29f9d1583f7e7c99c86e1ab3a2e248fc8d59a58a
textures/items/dust.png.mcmeta,40,cca609e89643ffbbfd26e84fc1fdcdb22a1fff09
textures/items/el_arrow_air.png,285,65300763275436cf087c9f8b54480096a0d3f5fc
textures/items/el_arrow_earth.png,287,44d3b7823f1b691f4299c4ef215bee884c53ac12
textures/items/el_arrow_entropy.png,278,f51a629df5f177b8b77bd0e1d5433ca701986ce0
textures/items/el_arrow_fire.png,284,dfbec729051672dcf54f2aef7b58737893296ecc
textures/items/el_arrow_order.png,277,deb2a6985f2aae89b1eba6e82fce7378c10b8df1
textures/items/el_arrow_water.png,291,f085b5a6b2162fccd4569a9c18586987a2dc97dd
textures/items/eldritch_object.png,679,43213d9b4379d12f7931dce4fbb91fa2aa1cb6a5
textures/items/eldritch_object_2.png,3586,52f1499453fd09c93e8907ba6f893fb313e17e5c
textures/items/eldritch_object_2.png.mcmeta,426,b85de4b2735450ed3f4b34ff138ad8970464518d
textures/items/eldritch_object_3.png,2941,8453e8889b8fc990ce6f85e3a3d26a5b2d7efb66
textures/items/eldritch_object_3.png.mcmeta,21,700ec13e51f7f22e4230a25c3727513679110317
textures/items/elementalaxe.png,592,6731fa7dfc176e0e6342c28733b9cc189c03ed51
textures/items/elementalhoe.png,458,69569f96713fb7661db1548639fb9e5373f044b0
textures/items/elementalpick.png,524,63f9c1d3dc3b0124f87a073576cdf821b66f3fca
textures/items/elementalshovel.png,563,4a196e5794075a1a4d09f653a6d7a419ff79ec8e
textures/items/elementalsword.png,514,94f62f7793b3ce3864237683326548b069113091
textures/items/essence.png,3356,23d6f227caf102e449e0d0f3dec8975a67b916ed
textures/items/essence.png.mcmeta,21,700ec13e51f7f22e4230a25c3727513679110317
textures/items/filter.png,490,cbeda8884cc414ee659ad07fe352ba17238bcd48
textures/items/focus.png,685,87c0578a9035951f7d5c944bc899e63971bca420
textures/items/focus_excavation.png,638,f6e986c1efe6a052b58cb0af8cd006583e06fa73
textures/items/focus_fire.png,632,199d28b6326caa6dac166c124379b4170644021b
textures/items/focus_frost.png,677,0b74d73ac75a6e77343b80540156bf4d6ebada8a
textures/items/focus_hellbat.png,490,ae30d1ba102614df2f0a0d450a5f703acb10b9ee
textures/items/focus_hellbat_orn.png,430,ef5da985cec61677698eec6a7a33a715f464a726
textures/items/focus_pech.png,7038,b0bd15db528352c877611e788184b293fa50a274
textures/items/focus_pech.png.mcmeta,21,700ec13e51f7f22e4230a25c3727513679110317
textures/items/focus_pech_depth.png,1601,1cf849e82409a5cd26b44dd14371c1aca9d30c93
textures/items/focus_pech_depth.png.mcmeta,56,b370dd9ca8fb3801c514348dcc90a81544f9b381
textures/items/focus_portablehole.png,9186,cbf9aa87907bc72a50bdaa344e2e716a162dbc41
textures/items/focus_portablehole.png.mcmeta,21,700ec13e51f7f22e4230a25c3727513679110317
textures/items/focus_portablehole_depth.png,3027,7a5f32ce8b0df1c5b8d515146f3833a4a880a471
textures/items/focus_portablehole_depth.png.mcmeta,56,b370dd9ca8fb3801c514348dcc90a81544f9b381
textures/items/focus_primal.png,5812,3b9d08c202450df5328d7867df7b043aaf1af99e
textures/items/focus_primal.png.mcmeta,130,e6814abadd1f253dd6a756867d6b71972388eedb
textures/items/focus_primal_depth.png,2811,346e2542ee3b092f64c249489e581fe5a164668c
textures/items/focus_primal_depth.png.mcmeta,130,e6814abadd1f253dd6a756867d6b71972388eedb
textures/items/focus_reversal.png,621,a62d4bec9e0dd247125fb108dfe335c98035b7d0
textures/items/focus_shock.png,662,88944108c9b36d52f2ec3e4040e4cdb84a319883
textures/items/focus_trade.png,696,2011c3fc3ed184f4d67282d052ed6a003f9193a0
textures/items/focus_trade_orn.png,246,f5633fbca57db7e8f8551dc5ed8eae853138fef6
textures/items/focus_warding.png,2715,dfb66021e24bcb1896a0c86ea6ab6a1ca07f16ff
textures/items/focus_warding.png.mcmeta,23,5103dd61e657b06f069250a2af34da14ba2b9dd5
textures/items/focus_warding_depth.png,1723,84e259a6c0358e280ae0229313b6b46da6f141f8
textures/items/focus_warding_depth.png.mcmeta,56,b370dd9ca8fb3801c514348dcc90a81544f9b381
textures/items/focus_warding_orn.png,377,baab32e6dc51b57e3c75ad9167cb92c784cb68bc
textures/items/focus_whatever_orn.png,468,f9d0bf11272a0ec6f942d59ef8db19cd302de4ea
textures/items/focuspouch.png,883,a313de91ae3615a648dc6257a51cb5771fdb6591
textures/items/focuspouchbauble.png,187,cd5f52b84c029e1f36f8e46f9fe262677befafd3
textures/items/gogglesrevealing.png,644,2eda252ed847f2ce8799e2cff0e8f731d555e113
textures/items/golem_clay.png,697,17850db7ef31d41f7e74759b10574449611aa05c
textures/items/golem_core_blank.png,844,bf66664c8a7b65a1c207d31e1c78ab15bba31664
textures/items/golem_core_bodyguard.png,1579,55a94052c54cee33b8b4782f71691d58d5151610
textures/items/golem_core_bodyguard.png.mcmeta,78,5a996006b3b3bd5a291a41239af952564201c9b3
textures/items/golem_core_butcher.png,1551,f9e9feb520a4fdd1d5711006a8b8d28d265ae5f1
textures/items/golem_core_butcher.png.mcmeta,74,7f30e02699cf70b0cdb659b0c5eff4fc92f5769f
textures/items/golem_core_empty.png,1685,89a7f6f5afe32a58d6793ffb988413de23126670
textures/items/golem_core_empty.png.mcmeta,74,7f30e02699cf70b0cdb659b0c5eff4fc92f5769f
textures/items/golem_core_essentia.png,1768,249c42550be6a9b7548d7d7d91eb4c2b8bb77b42
textures/items/golem_core_essentia.png.mcmeta,74,7f30e02699cf70b0cdb659b0c5eff4fc92f5769f
textures/items/golem_core_fill.png,1747,5f5f3ac8373464043a9bb004daabe535b9397c1c
textures/items/golem_core_fill.png.mcmeta,77,3d9a56b9b66a7bd697fa837a39abf74f2f8fd07d
textures/items/golem_core_fish.png,1780,d51d29bf26d09562eb734f3dfd04951c325d9ced
textures/items/golem_core_fish.png.mcmeta,74,7f30e02699cf70b0cdb659b0c5eff4fc92f5769f
textures/items/golem_core_gather.png,1700,195c333c9395fa62bef60ab119d5407a08af7369
textures/items/golem_core_gather.png.mcmeta,81,2033cc6bdc4c6f4ce51e88643681dc2eabbbc255
textures/items/golem_core_guard.png,1705,ac38ea2d3e0514bb8c620d8895a56b44a2d13a8e
textures/items/golem_core_guard.png.mcmeta,77,43438441aec6b971ae4f71c6182a7a7a24bbe594
textures/items/golem_core_harvest.png,1855,f9165dcd21fddb667df5c1ec455fa58d70faca79
textures/items/golem_core_harvest.png.mcmeta,81,34b6b7f367845bd6dedc2daba72d2aac37373373
textures/items/golem_core_liquid.png,1777,a9eee6e5bfe0f45ccdb648ba7e6d558b7b9f403b
textures/items/golem_core_liquid.png.mcmeta,74,e1fb49b6a2a0b70039fdedec3811b1c961f2ec60
textures/items/golem_core_lumber.png,1847,892844cae473bb7de7399ea9f49528608c9a94b9
textures/items/golem_core_lumber.png.mcmeta,81,34b6b7f367845bd6dedc2daba72d2aac37373373
textures/items/golem_core_patrol.png,1570,7ca5912a3d9930546c77b2949fcfc4482c7ffb41
textures/items/golem_core_patrol.png.mcmeta,74,e1fb49b6a2a0b70039fdedec3811b1c961f2ec60
textures/items/golem_core_sorting.png,1740,cb9327ea628060ecf0227d14fd8ab7c05b9ea017
textures/items/golem_core_sorting.png.mcmeta,81,34b6b7f367845bd6dedc2daba72d2aac37373373
textures/items/golem_core_use.png,1516,f6f3b3e6a859e834a745091444e6e333fb765e70
textures/items/golem_core_use.png.mcmeta,74,e1fb49b6a2a0b70039fdedec3811b1c961f2ec60
textures/items/golem_flesh.png,698,b5c4d53b9435c2e93a2bf0083b35d89528e6eed1
textures/items/golem_iron.png,616,a9ec873ae0267a49355eefd41af473f28dc84e74
textures/items/golem_over_adv.png,227,e8d98f288b61d470ada22af1c547b6a344f4ada4
textures/items/golem_over_core.png,274,d9339b29e7cea1cb0b8487cdf690473cb29532e3
textures/items/golem_stone.png,601,b52ab6f008ec52668c89dcaffe08844bd5bd20d6
textures/items/golem_straw.png,715,ee854a90434026d9e1acea220eb10eae57a51985
textures/items/golem_tallow.png,672,a2edf58dedd0528d4f45de896c385c6f53052ab2
textures/items/golem_thaumium.png,631,055a58e7cd73253b00798ba1ada3d8b434d20ad2
textures/items/golem_upgrade_air.png,459,b991b292e21859802cbbdc3a705fc0480cf02371
textures/items/golem_upgrade_earth.png,459,4e08fa41ead48f9fefe8f910f0eb6bc79d92dea5
textures/items/golem_upgrade_empty.png,277,1e9e6f8aa1cd4da7c4715edef136aed83c4cdc8f
textures/items/golem_upgrade_entropy.png,448,eb048af01175b05d379efb6e1cb58430709ce745
textures/items/golem_upgrade_fire.png,450,cb05b166b71bb0b67b0ed4160840c682d0e77fa7
textures/items/golem_upgrade_order.png,467,5def0212faa6b4c3b5d078a0bb57c085d53c36a8
textures/items/golem_upgrade_water.png,461,8163d8ac8161b03aa989351559bd3007b48d2972
textures/items/golem_wood.png,593,337f2b83f6d4b647d1b43ca7a166025beda5f9c0
textures/items/golemdecoarmor.png,857,377eaa7ed4e1e00c57da03c61c6d819a268c8405
textures/items/golemdecobowtie.png,828,7d7db2cf2360e00ed67e489d5bb69aad2c67f625
textures/items/golemdecodart.png,874,9c4b97a4454d03a3865be5f5aabffe239c73b3df
textures/items/golemdecofez.png,824,5b89a8276b59224be1e184f239cb48e0be09f557
textures/items/golemdecoglasses.png,870,425e81bc7f13a8feae99d0fa3471521ea8839272
textures/items/golemdecomace.png,816,4f55bd3a9f719463382e7f3732d75aad14499b4e
textures/items/golemdecotophat.png,819,ed9125a4b5be3f164e59290d64a1c6a54cb7e3d6
textures/items/golemdecovisor.png,800,1d14554d1a76dae53f082a083870c17bd67d6626
textures/items/hovergirdle.png,757,2e1ea3e03de4d41d229fba0e88289133d4c69c78
textures/items/hoverharness.png,1163,af766d41af318ca6f11eeef91aff7eb2b46ed958
textures/items/inkwell.png,713,bb3e12c1d55f6e1e380c2a62df8fee1a2bdb6760
textures/items/ironbell.png,377,6fa9d7b57f2a9a457091aa6a9640e9d272f8f97b
textures/items/keygold.png,349,18ce2a2195c853f14002f334692a3b9cda1554b4
textures/items/keyiron.png,310,e6c79ab8043ddf2694d92ecf88d5fb48aca81765
textures/items/knowledgefragment.png,608,85cbc7473b3ac57233eabc49f51ee74323213078
textures/items/label.png,620,18a5070f8ad02b113bd1911a3254b3f92072d8a8
textures/items/label_over.png,284,f1c49b0dfac8ad526a7acd6cfbe06e8f5cd81df2
textures/items/lightningring.png,596893,aa383e44edfd2ee27c8549dbc722890763ca3e47
textures/items/lightningring.png.mcmeta,54,27c30d2dec4755ce624a01ad6dddfcdbd0071af0
textures/items/lightningringv.png,588467,8833fb30f52f0ad14b98526d4d4bde18c3470660
textures/items/lootbag.png,654,dbd48c8606c6c9ee06edc0d1e757e1459bde86c8
textures/items/lootbagrare.png,633,c6036064c6d51337794f69a7a583c923709ab4b7
textures/items/lootbagunc.png,641,dc842b752129ff847189df8aa08cf7c1727f4886
textures/items/mana_bean.png,773,bd2bbf94f293628152cb5035def00b1e6ba9d1b6
textures/items/mana_bean.png.mcmeta,107,286b9743f0c8d53d3183db1ca945b95ace215560
textures/items/mirrorframe.png,569,f85bfd7b6e85e393d4a3ecdf7f660c6decee0b5f
textures/items/mirrorframe2.png,436,161727087e8494b3b4736b9e994ffc81d510c3a1
textures/items/mirrorglass.png,423,4f87786db0d25edaba6e7f12629b98f8fe763bf0
textures/items/mirrorhand.png,586,ca5681ccf238cbee0b5d7f26094cd90986ab89bf
textures/items/nitor.png,753,c092f9da7e66a3471c63f5bf18dd8ed4fa4b618f
textures/items/nuggetbeef.png,368,062824c94a482408ea77fbf42430053d593874fe
textures/items/nuggetchicken.png,367,836fb571d983e17bb6a1740848042ec88e17a2d7
textures/items/nuggetcopper.png,375,88d4c0056d1414dde143fe9ecd4cefb94d75610f
textures/items/nuggetfish.png,357,8597a9d7bb8bb9feae47306b28b01df30aa64229
textures/items/nuggetiron.png,382,caf09de35c2a9f43bb87981a3ea58c9f78380152
textures/items/nuggetlead.png,380,34873fd90b2dd26e1aa5f1061a09eb376df7de5f
textures/items/nuggetpork.png,367,3477a1b226501b4ab8363d5759b264ea4346d424
textures/items/nuggetquicksilver.png,361,b523eca4d1bdb26d459dc76d57fabd3d99c67ad7
textures/items/nuggetsilver.png,367,dc10ebd9978cbc2980ed4565cbc5dd7ff9814bb3
textures/items/nuggetthaumium.png,386,4bb1deeadf92ba8255fcc238bc068f4864879247
textures/items/nuggettin.png,380,a45d7a0440b40d9654919f33cc0ec43d101ba447
textures/items/nuggetvoid.png,271,b90f09ddf8304b5f021021aa02d26e52e8c56006
textures/items/ob_placer.png,403,6d602a10f46d70ab49e6b08acfb59797407dd385
textures/items/phial.png,516,cb133018a887d560451c1609491000cfcab9e969
textures/items/phialoverlay.png,351,d37eb1075f2b2802c284668364cb378be6067f24
textures/items/primal_crusher.png,4109,92414f38b005224ebcac91344af5e343b473f090
textures/items/primal_crusher.png.mcmeta,40,cca609e89643ffbbfd26e84fc1fdcdb22a1fff09
textures/items/quicksilver.png,659,f71e3c734eae1a7aaab027111bd9b1796c935feb
textures/items/researchnotes.png,851,d5cfad012a1f6685bc794fcefbaba5cc1b37d59d
textures/items/researchnotesoverlay.png,222,5e5eee39648aea842e1c5cf2bba38c8a50aef090
textures/items/resonator.png,486,69875cf4d528cdd3a435d802305d7417d343235a
textures/items/runic_amulet.png,963,90a2e7e75121f06326f1c06cbed2640658f28f21
textures/items/runic_amulet.png.mcmeta,35,561f1743407a1413e9424cc553480a28b9334fc4
textures/items/runic_amulet_emergency.png,1189,aaa9269cfbeb97228cb8c1ea6ac03ecf850163a6
textures/items/runic_amulet_emergency.png.mcmeta,35,561f1743407a1413e9424cc553480a28b9334fc4
textures/items/runic_girdle.png,943,d29b7ae9de19a39a6e573c6731331204615a1c0d
textures/items/runic_girdle.png.mcmeta,35,561f1743407a1413e9424cc553480a28b9334fc4
textures/items/runic_girdle_kinetic.png,981,68e031ad1e9e8832e636a2abacf0b4a3c3246766
textures/items/runic_girdle_kinetic.png.mcmeta,35,561f1743407a1413e9424cc553480a28b9334fc4
textures/items/runic_ring.png,747,47c4f902957fc14b15de42089aaa1ebe8b7ae062
textures/items/runic_ring.png.mcmeta,35,561f1743407a1413e9424cc553480a28b9334fc4
textures/items/runic_ring_charged.png,838,e5b4724b0d8fa783cfe59b6fb909f1823040a2d0
textures/items/runic_ring_charged.png.mcmeta,35,561f1743407a1413e9424cc553480a28b9334fc4
textures/items/runic_ring_lesser.png,366,1828f60688821b627a706fb50b6b6e9fb1844ea7
textures/items/runic_ring_regen.png,907,aa9a271839a9cc1d94449d5624b30cc7e4f1d1c3
textures/items/runic_ring_regen.png.mcmeta,35,561f1743407a1413e9424cc553480a28b9334fc4
textures/items/sanitychecker.png,528,bb4d050daa9fe393df9d1b07c7ff6b08e2ceaff3
textures/items/shard.png,557,35db8f50b2066675951e007a030507e711e0199e
textures/items/shard_balanced.png,3610,3830ef6b970955d1b7a7b7cf0020c9bdcac48d17
textures/items/shard_balanced.png.mcmeta,21,700ec13e51f7f22e4230a25c3727513679110317
textures/items/sinister_stone.png,609,b225f791d9ce9f48e6999588a8f4cd81d38bf490
textures/items/sinister_stone_active.png,651,6d02261a4ceb00144a902d577cca35fecd911a72
textures/items/soap.png,723,f9bb558d68ac6bdefc115399449ee6928612be3a
textures/items/staff_rod_blaze.png,484,9b982df7b5d5b5f80ad3fe478772c3ddcd904d4a
textures/items/staff_rod_bone.png,493,315a001d35af848f95fe695d8888be3201b34ae7
textures/items/staff_rod_greatwood.png,483,666e5192b0b6846971234691a0639305372987bb
textures/items/staff_rod_ice.png,541,afe538a6d2fccb316eabd4c41e75f59f8e7f3bdd
textures/items/staff_rod_obsidian.png,457,39b34d1a0821ed04e79dc5dc5af63252063be678
textures/items/staff_rod_primal.png,499,8468bca7c59b3c8674f7e8fe112b6e51bc43dcd3
textures/items/staff_rod_quartz.png,523,f0166a2a88609cdbf2e3f407a42dd97a1fb2e919
textures/items/staff_rod_reed.png,557,b580a16599a0addac36187fb43517701e013767f
textures/items/staff_rod_silverwood.png,538,0322c23c0ff9c24261ccf89868e169f545b29fc8
textures/items/taint_slime.png,610,43850b823ea4f10f2995b94b761ad13c20ee06c6
textures/items/taint_tendril.png,429,23c36c1c278e05df7b255466f48f375542cca1d0
textures/items/tallow.png,584,713e3f06e9572cb1344262f1b21a3a5ad4a7df60
textures/items/thaumiumaxe.png,382,74ac490e09f8f479d1fcddff7231f39857c6c112
textures/items/thaumiumboots.png,392,cb4e85cbf3f5ff3e64630630e5343b4015306d7c
textures/items/thaumiumchest.png,532,e77f232707c33cbb0bae89d4bf3dd06c8de97a72
textures/items/thaumiumfortresschest.png,560,d94738ba284c447d8c5f342ec4e7567c832e920a
textures/items/thaumiumfortresshelm.png,480,b750f98d8776e43e5269a91dd02d1f6a0fe9bb27
textures/items/thaumiumfortresslegs.png,449,5559f269d5b5203c12626630ec881981d9cee84e
textures/items/thaumiumhelm.png,393,d0e4fd82e930f719af06942b6958fc0f385af1dc
textures/items/thaumiumhoe.png,373,63f9d5530ca719a5897876666e9b08575d959c62
textures/items/thaumiumingot.png,622,4775106e2c802c7bb8196c5da162fc44eed89e16
textures/items/thaumiumlegs.png,472,430e973ecc383a06b0cb69b1169f5b9b326b2602
textures/items/thaumiumpick.png,399,29dd2e594123a5f0f1aa0bb905f85f871cf38e61
textures/items/thaumiumshovel.png,383,5831e9bee3393c75eaa3bcf4e11aa7301b7b0232
textures/items/thaumiumsword.png,407,d913f74fba19ac92aaa7bf099b5f8e1481b80da1
textures/items/thaumonomicon.png,2281,7be9fe4519810b78c83adffb28eee09c86dfc619
textures/items/thaumonomiconcheat.png,2314,488a8fa56f18a29b652a7c04f9893d9df0812f08
textures/items/tripletreat.png,796,7b564dcd31c1dd23c8150e1493f46ad21b14ab3f
textures/items/tripletreat.png.mcmeta,44,43b18e61328bcac97a44ab649fae3d3885ced00d
textures/items/vis_amulet.png,1585,88379e9d517963105593867a350f4e0e22dc374b
textures/items/vis_amulet.png.mcmeta,41,9c53a9473cd34340c9907a50ed79200d9c3c49ff
textures/items/vis_amulet_lesser.png,436,dd246523bc49829b051cd88bbaf29205c73800ef
textures/items/voidaxe.png,453,6b1bb24e1bd4b3204b94b518f767f2230e939241
textures/items/voidboots.png,388,d942f93e0da82603aa3acb266d18aa33da10dc21
textures/items/voidchest.png,489,f4357eca7145d8e96e161d536e7f96badfe0182b
textures/items/voidhelm.png,439,9547ce3eacc4b93f917acadd56af8a2b30d343bd
textures/items/voidhoe.png,409,101c36ad48d5bd52cb0685f00b852732a643479f
textures/items/voidingot.png,541,afff97417cfd6cd2de79d21b626fd9d5f5045802
textures/items/voidlegs.png,471,303f095846d009dae90d3c768916049a767fd0be
textures/items/voidpick.png,472,b32b899bcfb418ac57705a5aeb31ffa8c0feb4f7
textures/items/voidrobechest.png,551,987e7a44ba8f2d114b7e785179bdec3721ad930b
textures/items/voidrobechestover.png,417,4482a2f8d338a649b5210e019d3463070547f94a
textures/items/voidrobehelm.png,538,04d1e17680fc72ec8ed2f7483740ffc1b7f0a1e5
textures/items/voidrobelegs.png,424,939a39310a5bf19be252be0c2bd4933d1dff6d70
textures/items/voidrobelegsover.png,349,08cead572bdb452096315e889d4fbe2a9f2babf3
textures/items/voidseed.png,350,91b70576db4773799e970a82773f1967887a8374
textures/items/voidshovel.png,461,a3d73add3e7bf73a72fd78eed7530fad5b5f1563
textures/items/voidsword.png,487,278ef8c6aad78c322a985e66c5e82f8222bdc4b3
textures/items/wand_cap_copper.png,574,0562db633898a75781b87e30e15637639f1772a5
textures/items/wand_cap_gold.png,573,d66e75ad8f0a813560f9c0b1e04afef65cb18c9b
textures/items/wand_cap_iron.png,539,c8a9bead27bd3683c3daa6638093519bb2243066
textures/items/wand_cap_silver.png,1214,facde6c0bd803037a8b004e4f1a07e6ee04361c0
textures/items/wand_cap_silver.png.mcmeta,93,fe2ae47603ffbca974abada861cae72697bc9634
textures/items/wand_cap_silver_inert.png,581,a612e9b3450bc7b30ded5ea75975b6e24ba8bf0d
textures/items/wand_cap_thaumium.png,1137,ec55bc48cb61e9de1184e16dce21076727bc52a1
textures/items/wand_cap_thaumium.png.mcmeta,93,fe2ae47603ffbca974abada861cae72697bc9634
textures/items/wand_cap_thaumium_inert.png,531,50fb743426a3389e2387d345b4426ae7bf1c0115
textures/items/wand_cap_void.png,988,29dfb5db5e349d0e92e7171a914fac4303bb52e6
textures/items/wand_cap_void.png.mcmeta,93,fe2ae47603ffbca974abada861cae72697bc9634
textures/items/wand_cap_void_inert.png,495,44fc0d58f879a9db966eb2ad928c9fab700f45c1
textures/items/wand_rod_blaze.png,419,d2eb09711e8853ef1346182b1abf5590099687db
textures/items/wand_rod_bone.png,422,69c23b5eca27a2c3e59ed32fcc872856f61aaa5a
textures/items/wand_rod_greatwood.png,406,132e56df83a29b3fa007afc2ac2e5d3d42ead30f
textures/items/wand_rod_ice.png,461,9ae83669f4bbec6e81a734b5798ac046c548e4c7
textures/items/wand_rod_obsidian.png,401,6811b430692b49a055198f14faca27835f93c93f
textures/items/wand_rod_quartz.png,445,c0556d925ebf0e01f021a9f151a591a9eec6993f
textures/items/wand_rod_reed.png,454,8bec72b8c62ad9339800fee51283234eabdfc63a
textures/items/wand_rod_silverwood.png,447,e76a252147e5c4043d1273c55a3086826682d407
textures/items/wispessence.png,483,2dd9e43ca5cf907bf7ae7fe319c029f952b54629
textures/misc/architect_arrows.png,954,d5464ae70ae0617f116f57c14f9c97f7c60327ed
textures/misc/beam.png,2470,3b57cbf57380345b787ae23b5003bb73a70d343b
textures/misc/beam1.png,1340,76d5a97a77b29d395b91ce84159f81ff890329fd
textures/misc/beam2.png,2470,0490bad942527a9c39ccb1ce3bd61ac3b377913e
textures/misc/beam3.png,6443,4b329b5ba8125d8a6ef340a6df4873dc02dc30c8
textures/misc/beamh.png,2103,cc78fd5a0ee1dd447e8d693a0345c5bd82a0bbfc
textures/misc/cultist_portal.png,472581,2f3f863e9209cfbcfcd9255e36442a9bc9b6afb6
textures/misc/eldritch_portal.png,442686,587a6603e14f095284d7680ee8a84cf64d8ce110
textures/misc/eldritchajor1.png,38730,b48caf318fe7d86822b0f3174b0a2a9c99cb3a1a
textures/misc/eldritchajor2.png,45761,13a4cb5e4d7472b85285b2f2c1b249ca4206d3c2
textures/misc/home.png,61823,c338d1e95c799607f9fbcdd3fac4246a04a4e9b6
textures/misc/home.png.mcmeta,35,50b59d0bef19cabe5ba5fd2b23696ea32d2f82b9
textures/misc/mark.png,23052,50271bdf7cc771df0df6654892c1a3882e4e8e54
textures/misc/mark.png.mcmeta,35,50b59d0bef19cabe5ba5fd2b23696ea32d2f82b9
textures/misc/node_bubble.png,100537,9109c756df191703358c5d45be55cbded34cfa72
textures/misc/nodes.png,905526,2597d12a3653fea0f9f165d6b87f44fb6d429821
textures/misc/nodes.png.mcmeta,35,50b59d0bef19cabe5ba5fd2b23696ea32d2f82b9
textures/misc/p_large.png,904,cb3e480920baeeee7d613c068b465400f36a11c2
textures/misc/p_small.png,408,6a6cfce0d2d08c0350f0667419d70431d02a3d7d
textures/misc/parchment.png,37330,eb70d143da592b491cf6958d0a1c91ae6b29be8e
textures/misc/parchment3.png,50231,40969d6ad1d1dd8d63d5915d6e7cad452b9590b9
textures/misc/particlefield.png,7709,d0a93c0eb969525bb1e35672a3bd4b189743b942
textures/misc/particlefield.png.mcmeta,35,50b59d0bef19cabe5ba5fd2b23696ea32d2f82b9
textures/misc/particlefield32.png,1898,21fefac75ebe63fd5ec596853ef98f0ee08a4866
textures/misc/particles.png,94673,625d02e14d752ac2f0841c49ae8c61111bed769c
textures/misc/particles.png.mcmeta,35,50b59d0bef19cabe5ba5fd2b23696ea32d2f82b9
textures/misc/particles2.png,48449,d2f062ba9c3fa67ad18c252bb57d8bb3c8f5ed88
textures/misc/particles2.png.mcmeta,35,50b59d0bef19cabe5ba5fd2b23696ea32d2f82b9
textures/misc/potions.png,5157,21d396f879a647b9c81f48688a4a899fd1e36bb0
textures/misc/quill.png,460,f6c29633cd8536334c24fba85749e15314c171db
textures/misc/r_alchent.png,3338,53c72dff1b81b43ccb10b8ab4208b577eb79586b
textures/misc/r_alchman.png,3466,c5e1cdc8d990886727a40ed0b2b653599f70e950
textures/misc/r_alchmult.png,3443,a65d61bcc04135ba713d748f099c0ed1edb654c4
textures/misc/r_artifice.png,1648,6255cf08dbdf211f8a516538c21d2701f1c45229
textures/misc/r_aspects.png,1844,00fb1dbc51cfe3b19081d0a339c10dec3d2c2354
textures/misc/r_crucible.png,1952,13e3301d9905f4c2497bb0cf7919ea5c0bcdc153
textures/misc/r_eldritch.png,3251,22dcd5fc7330a06094632fcb1e08d280a07abaf1
textures/misc/r_eldritchmajor.png,3029,6c4c40679b7b161fe5f6e7465c25c8b1f33d75d9
textures/misc/r_eldritchminor.png,2890,d7ad2a16836d538614c61f0926ccdbb12c14c6ba
textures/misc/r_enchant.png,3329,681ee70b7d6d7b5db9dc6ceefba530849894ad7d
textures/misc/r_golemancy.png,2758,f26f4de6bd11f299c24493ad9e334f5c5f257e48
textures/misc/r_infernalfurnace.png,2484,62b6ff6bac5496d217dfdc53890878636c00ec87
textures/misc/r_mask0.png,513,3e6f1dd42d5dd555fe6c3ddc9905e8cc0f4810ee
textures/misc/r_mask1.png,629,b2ec02eafd545ca216110acf9c3de942f4974e00
textures/misc/r_mask2.png,621,ca1d44a3ee7f22751df9e1bf37834318247a030d
textures/misc/r_nodepreserve.png,3729,4e58b3db2ebe67b0958bcf7a89bf5925219a7ea8
textures/misc/r_nodes.png,2851,5af33eb20fcad97bbbc4d8860630dd5e66526700
textures/misc/r_nodes_2.png,2927,211fe98754462022a6e937fcac493b0b17def848
textures/misc/r_nodetap1.png,2475,f7686cc7d9150a26a8cf9dbfb79fa1627e95dff8
textures/misc/r_nodetap2.png,3331,f9ac3554816d4a5536f6cb60cb4867368b58e4eb
textures/misc/r_outer.png,2430,e6544bcf78d4bcd9e7da41fde67cc55cebbd2da9
textures/misc/r_outerrev.png,1895,d9b5e477555f050437ae28be3891d1f05532267d
textures/misc/r_pech.png,687,57ddbdec98bccc43ad2d7a5513acd9f778104da9
textures/misc/r_resdupe.png,1364,526be99a4048af1667255811b4f14ca6e904bcb2
textures/misc/r_researcher1.png,2128,cb476fa080db8b4c05bf74e18bbe6b4b4e84f2a6
textures/misc/r_researcher2.png,3437,70f21ce70ac078e322eab68d85241e85e89f626f
textures/misc/r_runicupg.png,3779,270d6a338e43fe484ace4fb7391a03695d6c2a36
textures/misc/r_thaumaturgy.png,3270,dafe1d95165011f1545ba538fef435a35f47443c
textures/misc/r_warp.png,2828,51a79b6f9d02cc80b4d4824decfcf7dc045bd526
textures/misc/radial.png,64958,4340f62b3b6f4ee7e94a16801825741a2ffd75f2
textures/misc/radial2.png,40160,384f1afeae8abdef5cdd8b7c7d2ccf5f99fbc3d5
textures/misc/research1.png,88194,5ca38c29f8c3a6cf293e9d7499675836e0898e19
textures/misc/research2.png,122789,afb4ed5f58ad643c8ba4e79440ce3bfba7db50b3
textures/misc/research3.png,61047,a3d4773521f8f7abde2c0ed648bafa173324deb1
textures/misc/research4.png,116562,e82b8ef2a3ca61fd22a362e0a37170bd2a42b6e3
textures/misc/research5.png,104712,efd74dce6fe171a626a2feaaff6db47d5b4310af
textures/misc/script.png,3110,8fe0716790dce8278582c60dc4429c4c3952f21b
textures/misc/script.png.mcmeta,35,50b59d0bef19cabe5ba5fd2b23696ea32d2f82b9
textures/misc/tunnel.png,10020,7b739cc40239539680433ace30f50e70ac45e6c3
textures/misc/vignette.png,24841,66ad946efc2498f82cb090c543ea08e936502f50
textures/misc/vignette.png.mcmeta,41,1490e1a84a95e965c4fac6ac482e98ce7ba06af7
textures/misc/vortex.png,85390,a27c1a02a76727b80d36ae91c1ce8ad8252d756b
textures/misc/vortex.png.mcmeta,35,50b59d0bef19cabe5ba5fd2b23696ea32d2f82b9
textures/misc/wisp.png,60472,c2eca6cb6fe4a78c0cdac546b6f2e09d94a3d3a8
textures/misc/wisp.png.mcmeta,35,50b59d0bef19cabe5ba5fd2b23696ea32d2f82b9
textures/misc/wispy.png,59833,ee9924f20af52536c564ab8ba0895bf2f9fdcbc0
textures/misc/wispy.png.mcmeta,35,50b59d0bef19cabe5ba5fd2b23696ea32d2f82b9
textures/models/Bore.png,15184,d96fbecf967f66b46f7f6a2058ebacfbe9334882
textures/models/Thaumaturge_eyes.png,3035,1a1161640c3addc20e1d95f8807688b31b299567
textures/models/adv_alch_furnace.obj,10896,973271e586be7822e1c89627579099760d926f96
textures/models/alch_furnace.png,7147,9633e80d51137a58f5cb82dc467a998078b388c8
textures/models/alch_furnace_on.png,7256,604fc402ad16d3ae5e99db8e623c5b7a7d4c935a
textures/models/alch_furnace_tank.png,723,6659673610d1219eb429bb78d678bfc8453d5afb
textures/models/alch_furnace_tank_on.png,843,113e0642f205ec2b641b1302776f28a300b1c93d
textures/models/alchemyblock.mtl,373,32fbe55cd26b95886dcc64e6fa84cc015080e0e7
textures/models/alembic.mtl,635,df1702a8ae36ae425228ae89247323ce74487e09
textures/models/alembic.obj,11069,3c4ee980e5a3143b30496acf34a88df1ccef5cd8
textures/models/alembic.png,3691,77feb049507d455458372640c232379cc1f55e61
textures/models/banner_blank.png,1956,264a832afa8ef373e3dce86582a09f368193f38a
textures/models/banner_cultist.png,3035,124668c8053244825d8d082fd5ec40f8141ed507
textures/models/bellows.png,3020,4ce9cffc25942c1eb5ad83f21d5e916d6472bbd7
textures/models/bootstraveler.png,654,4821a3f0b68c3fc73592145835ab6406728733c4
textures/models/brain2.png,18819,e34662e865afc67b3435cfdac27c839bd810b924
textures/models/bucket.obj,2196,bfda8c2aa41f6843bbfe49b965f7065aa0818dba
textures/models/bucket.png,942,cc65803edcd0391889ce271e2e5fba73cc2202c0
textures/models/bzombie.png,1642,6c95e8fcaee1f8bb27cf842d8b17d3f4702e9f00
textures/models/bzombievil.png,2605,d56ee1a7247a6dccb0dc9e3d1554da264081c97d
textures/models/centrifuge.png,1418,de1edb4d119db12aeedd1f077e20d8ad108c1f8a
textures/models/chesthungry.png,3122,192d9c378e49634af120097ee5be84c861491470
textures/models/chicken.png,5648,37367af03256fc2a55ae5b1be811db6919354882
textures/models/cow.png,18731,0f94d990927da82e2f6c5f2ca346e63f15a0bd22
textures/models/crab.png,11301,b9b715a8d827709657ed573658986a6f62be9645
textures/models/craboverlay.png,5311,68365b513cba1887362c7c01ffb36e746a690534
textures/models/crabvent.obj,23888,960d3cec7d5e4818d8940edb88cc729408b1afb2
textures/models/crabvent.png,2309,78ed6c1fd696b76237ef091af11f1cecb899b5ae
textures/models/creeper.png,10478,b5a404750f2cea6735c80422aeefce4f37564dce
textures/models/crystal.png,1567,1b8da565fee14e9df023655617f19d8da5d1897f
textures/models/crystalcapacitor.png,8393,0dadcc784fa78d768d28aef6642b217aa0def723
textures/models/crystalizer.obj,20099,44d8ba4c01c470eb120f9aaddcd7bcc1538303af
textures/models/crystalizer.png,2200,0656ef4b5ca1c840affe3eaf06f19b4ba9e3189c
textures/models/cultist.png,1885,e51373aca9faf6566d2ffe807f9a7d835dd6c954
textures/models/cultist_leader_armor.png,12031,852809ae4838062d7c211b64416648cf3b3babf8
textures/models/cultist_plate_armor.png,11503,542eac9363ba745bfcd306f249577995fcca3a6e
textures/models/cultist_robe_armor.png,14936,a64aa4ea5038eec3e1d6add34cbb33f7fc03ae56
textures/models/cultistboots.png,523,9a34c727ffe9d2bb2dfc1986cf8173c43a51a74e
textures/models/czombie.png,3913,cdbba12da76dbf89a8591dbd150f96d5dd9728cf
textures/models/decontable.png,2294,3a18545732b60f06b5a2bc3e28d3e3a3c8f036e4
textures/models/eldritch_cube.png,1289,d6c18aebd9b4e0cb54591be46d3b244a31ce38bd
textures/models/eldritch_golem.png,21527,86b2b418651891c5d9ea09f6ac4ff22e1c4a916d
textures/models/eldritch_guardian.png,14126,8b135403abd3d00881037b42213f23952e2fd713
textures/models/eldritch_taintacle.png,31357,253948852a8ad3018ab76c5cdcbf372c188a5183
textures/models/eldritch_warden.png,14979,d49a2eec320201d8a0754d618e4c554054189248
textures/models/firebat.png,1726,97e8eac3534c37a6467264df182d8f56c3cde3de
textures/models/fluxscrubber.png,1573,40de9ce4f2fc5d8e923a9f72aadfc7d69a0c25e1
textures/models/fortress_armor.png,16843,e29daf2c754ca59a917340fa396bb94f0253a4e3
textures/models/frostshard.png,2039,c3f5f0a2ededa994d3438f72a58bd7eb4588fa26
textures/models/goggles.png,800,c40c3cf57a8d664503bc8eb41faa0fa7e880d243
textures/models/golem_clay.png,6313,2015c40c23daf04cdad56237811275d55b47bc90
textures/models/golem_damage.png,69619,b18c3e9a455abf28d9fb3887c02ade0d6f11e40e
textures/models/golem_decoration.png,6045,606f523af1c1b46ae86c1a72b484d362d2d7f11c
textures/models/golem_flesh.png,9583,f17010cd359aa999d62b40c17a45a9bca3d8607b
textures/models/golem_iron.png,5992,b58150fff142680e4e237f27ca74a84f4c29b0f1
textures/models/golem_stone.png,5962,63e8670af33ae610e47adda0c98dcda920e36407
textures/models/golem_straw.png,12487,9f1a5188c3502641d85b95beb54175351b0248e0
textures/models/golem_tallow.png,7548,3f05a95ae3fcd4f4f4d70d4ea79d70b1cbdfa6e5
textures/models/golem_thaumium.png,7798,ae027547b66fc5f285a1250d17ba13ac36b39bfc
textures/models/golem_wood.png,5144,7d5d885a06a9b84ca044080dc3617c51c8eed91e
textures/models/hemis.obj,11620,fec01e63ac64094911704102fac52c148e3742be
textures/models/hemis0.png,617,de1abcd0af2650d2e2cc87d6799e811972e80ccc
textures/models/hemis1.png,5473,0bdbae3683a478c881d10c8075a0c54ac2fb0eb8
textures/models/hemis1.png.mcmeta,35,50b59d0bef19cabe5ba5fd2b23696ea32d2f82b9
textures/models/hemis10.png,5377,d2dd568560ecce8b6643fdd869effb0767522fa1
textures/models/hemis10.png.mcmeta,35,50b59d0bef19cabe5ba5fd2b23696ea32d2f82b9
textures/models/hemis11.png,5113,e8657b1e52939b0e990344bd572623dcf26721d0
textures/models/hemis11.png.mcmeta,35,50b59d0bef19cabe5ba5fd2b23696ea32d2f82b9
textures/models/hemis12.png,4853,b435b399b7ff4e670c1b98c7e5889da5038dac54
textures/models/hemis12.png.mcmeta,35,50b59d0bef19cabe5ba5fd2b23696ea32d2f82b9
textures/models/hemis13.png,4611,d169f8dfe553f82a3c1f821afb5aa89c5a989c59
textures/models/hemis13.png.mcmeta,35,50b59d0bef19cabe5ba5fd2b23696ea32d2f82b9
textures/models/hemis14.png,4268,43216f13f3c770c59e00a04b201b694efd6eb8d0
textures/models/hemis14.png.mcmeta,35,50b59d0bef19cabe5ba5fd2b23696ea32d2f82b9
textures/models/hemis15.png,4025,50175555bae86abe8685ca59283570701c36bb51
textures/models/hemis15.png.mcmeta,35,50b59d0bef19cabe5ba5fd2b23696ea32d2f82b9
textures/models/hemis2.png,6484,d88035d000945c65047c67755ae27ae2bca9c1e2
textures/models/hemis2.png.mcmeta,35,50b59d0bef19cabe5ba5fd2b23696ea32d2f82b9
textures/models/hemis3.png,7235,bb34fbe9dff797e8312eb942a691af05c34f9b01
textures/models/hemis3.png.mcmeta,35,50b59d0bef19cabe5ba5fd2b23696ea32d2f82b9
textures/models/hemis4.png,7550,249461bf20450acad4e8387f422fd98676bade23
textures/models/hemis4.png.mcmeta,35,50b59d0bef19cabe5ba5fd2b23696ea32d2f82b9
textures/models/hemis5.png,7605,3cfeeb1b5817b526ab5adee6d75282389d8bdd08
textures/models/hemis5.png.mcmeta,35,50b59d0bef19cabe5ba5fd2b23696ea32d2f82b9
textures/models/hemis6.png,5723,5a24569b3518c43b586d60016c0bdf79a05d5e10
textures/models/hemis6.png.mcmeta,35,50b59d0bef19cabe5ba5fd2b23696ea32d2f82b9
textures/models/hemis7.png,6337,78f170c5c7c25319e44906bbbf094191f59fca20
textures/models/hemis7.png.mcmeta,35,50b59d0bef19cabe5ba5fd2b23696ea32d2f82b9
textures/models/hemis8.png,6499,dc4223fba7ecea21b94d2d2f235165a8b75a57f6
textures/models/hemis8.png.mcmeta,35,50b59d0bef19cabe5ba5fd2b23696ea32d2f82b9
textures/models/hemis9.png,5633,d55e555aab395ad6407bfe1d421808741638bb09
textures/models/hemis9.png.mcmeta,35,50b59d0bef19cabe5ba5fd2b23696ea32d2f82b9
textures/models/hoverharness.obj,7206,b49f4902ef5413c7379276afb9f7645bd635916e
textures/models/hoverharness.png,2147,0162c4220f45783f1f45e827b58bda2589f113cd
textures/models/hoverharness2.png,2280,2d01c7c4b1fe38576cd24e65bf8f1e41ff1445aa
textures/models/infuser.png,3757,b10f6f6935c76b6dfc6856043bdff2016b3a61c2
textures/models/jar.png,1148,8829ba0c6375f67401350cb63582cb099a649ffd
textures/models/jar_void.png,1225,53847c4aa00634aa17972f442c23524d8ad36c08
textures/models/jarbrine.png,519,3a835c2eacf84ac2ac9ed4e6132248449b96f5a4
textures/models/label.png,656,048d8ebffd49bea5503c5a58c8a185c60150bb12
textures/models/manapod_0.png,593,545d4cdbd9ab57b17a7599ad1ab44610619ec783
textures/models/manapod_2.png,942,7a2cdd9f30ca3ea25807626423b3228535234c00
textures/models/moneychanger.png,2423,22d00f4d3793882047d940748d80b208843959e0
textures/models/node_converter.png,1853,76c1d7ae243cd21830847e71f7af6b8687bd9c79
textures/models/node_converter_over.png,510,0632df612ea06194c0962c61da6ec2e1e742c985
textures/models/node_stabilizer.obj,3046,37f41a6ad0b2fbc3b06da672272bcd68e0018cbc
textures/models/node_stabilizer.png,1368,052a184a7e0fd92a84d608ccb565b6ab7b31dd1b
textures/models/node_stabilizer_over.png,403,be8970104b28df35fbe28be1b2036ef2eeb859c6
textures/models/obelisk_cap.obj,2364,bd1ad0e2a27ec4653e6eafcea2ef8156455d369a
textures/models/obelisk_cap.png,1075,c097565fb4c9d9752aabc2799a205fca3e6879e7
textures/models/obelisk_cap_2.png,1142,3f70c0e56bef81e3107ff18d145b840c9f14ffb8
textures/models/obelisk_cap_altar.png,1213,be5d6a6772c257f4b4ccef5224cd091614414727
textures/models/obelisk_side.png,1180,e93b58db639871336f0c23e61fc7e7902d0941dc
textures/models/obelisk_side_2.png,1568,0ec612b8d4ae5aee762fb9f654462ab17ee0df89
textures/models/orb.obj,7509,9d67a04fdd8f1dfb25f0499d787a2cb8c075894b
textures/models/pech_forage.png,4923,62c54461b307fec2968ae8275bdb921a507ea260
textures/models/pech_stalker.png,3887,21a0d92c497b19d6bddb88175ba572e957a57dd8
textures/models/pech_thaum.png,3998,5869bf0c45859534fc1a8cea95263f371ffcef9f
textures/models/pig.png,14563,8eb6cbc39f631e656393f3573674caf27fb25877
textures/models/pillar.obj,3362,ae1643f4af07842b4e2a6790138bd0c7f843d922
textures/models/pillar.png,2545,f071db238f46b44e6b4fed4a43333e945d7cbb6c
textures/models/reservoir.obj,13698,fa51eac6fbaf95e132f7b4e4892c655e0ec3bb73
textures/models/reservoir.png,4246,a817cbb9a3f5e21c02b15c99b2faf671e644b2ca
textures/models/restable.png,3832,81002d99bc1c5ae791548a1e8fe3ed3db49978a8
textures/models/restable2.png,1589,0194a0e9989b141063c3745e4066e3a0dee967cd
textures/models/ripple.png.mcmeta,35,50b59d0bef19cabe5ba5fd2b23696ea32d2f82b9
textures/models/ripple1.png,1467,a7edd7358df39d5113da6d5d366f2b0aa848dfb2
textures/models/ripple1.png.mcmeta,35,50b59d0bef19cabe5ba5fd2b23696ea32d2f82b9
textures/models/ripple10.png,6229,08190c56bb52ce45fbfba03278fd8920430e5c30
textures/models/ripple10.png.mcmeta,35,50b59d0bef19cabe5ba5fd2b23696ea32d2f82b9
textures/models/ripple11.png,4894,a246e20527cbd4f30b772cae3a03f6ee14cdf7dd
textures/models/ripple11.png.mcmeta,35,50b59d0bef19cabe5ba5fd2b23696ea32d2f82b9
textures/models/ripple12.png,3823,b5b2046e7ea6855210bd63cbfcb6a6ed5fc76dcc
textures/models/ripple12.png.mcmeta,35,50b59d0bef19cabe5ba5fd2b23696ea32d2f82b9
textures/models/ripple13.png,2588,37f86e981f362aaf9003e031322ebe36696d591a
textures/models/ripple13.png.mcmeta,35,50b59d0bef19cabe5ba5fd2b23696ea32d2f82b9
textures/models/ripple14.png,1600,b18ceb3e68039765b0112f28130fc638d1ec113a
textures/models/ripple14.png.mcmeta,35,50b59d0bef19cabe5ba5fd2b23696ea32d2f82b9
textures/models/ripple15.png,811,00dc0fa09e9842dd9af4be99f6273e016ab68863
textures/models/ripple15.png.mcmeta,35,50b59d0bef19cabe5ba5fd2b23696ea32d2f82b9
textures/models/ripple2.png,3445,39fbc870407e440194b9065254beea1e6605da6a
textures/models/ripple2.png.mcmeta,35,50b59d0bef19cabe5ba5fd2b23696ea32d2f82b9
textures/models/ripple3.png,6675,d6c76463be9f7443b36892b8fbd51248b8f7dbb0
textures/models/ripple3.png.mcmeta,35,50b59d0bef19cabe5ba5fd2b23696ea32d2f82b9
textures/models/ripple4.png,6836,5b884be71e6fdc7e7c228d8dac0ebc801676c774
textures/models/ripple4.png.mcmeta,35,50b59d0bef19cabe5ba5fd2b23696ea32d2f82b9
textures/models/ripple5.png,10224,1bbd03640fdcb3757777046448d023714bf43584
textures/models/ripple5.png.mcmeta,35,50b59d0bef19cabe5ba5fd2b23696ea32d2f82b9
textures/models/ripple6.png,10224,307b2048f49c4c989797dfb4c5c31548f4c54d4d
textures/models/ripple6.png.mcmeta,35,50b59d0bef19cabe5ba5fd2b23696ea32d2f82b9
textures/models/ripple7.png,9882,0cd6e678aa163ce9a66479f580cc27c1524c9c51
textures/models/ripple7.png.mcmeta,35,50b59d0bef19cabe5ba5fd2b23696ea32d2f82b9
textures/models/ripple8.png,8837,4f9567ed00ed0f626fa9daa0116c633eee272b72
textures/models/ripple8.png.mcmeta,35,50b59d0bef19cabe5ba5fd2b23696ea32d2f82b9
textures/models/ripple9.png,7692,4b1c6c4df0f1a9d5dd206e17feb90f458cef82f4
textures/models/ripple9.png.mcmeta,35,50b59d0bef19cabe5ba5fd2b23696ea32d2f82b9
textures/models/robes_1.png,1064,d8f645b6c39d6ec9c11ab4bb4e0e3d01ef74bffe
textures/models/robes_1_overlay.png,1352,f3fb0ac98b6c7955c5a06568e7d6611603a9841a
textures/models/robes_2.png,344,fbeff141b03807fa9524fc59fa0829d43d67e954
textures/models/robes_2_overlay.png,420,f6c9548368d04260604c6998889af7f7cd748c20
textures/models/runic_goggles.png,764,24ace2b4060235c8e776036f3cafd2e680bf7cb7
textures/models/runicbootstraveler.png,669,b3afa591d23b8e1430b4767e5d5e35e41b8b70c9
textures/models/scanner.obj,3185,f2597b172d7577a1d5deafd45ee64e7c6041993f
textures/models/scanner.png,34064,63b8d746b473808b48a78abd3812605924176b72
textures/models/scanscreen.png,11130,d0c22359b272747354186bb8da7df2a4ca99a077
textures/models/scanscreen.png.mcmeta,35,50b59d0bef19cabe5ba5fd2b23696ea32d2f82b9
textures/models/sheep.png,13955,cb5c22d9ac54a5a8a325edf978ec1284c9278d25
textures/models/sheep_fur.png,11652,4f7e0a3c7d2c9658bb53dff774db3329cdfc018e
textures/models/spec_h.png,1751,ebdf14ccc811458ffd358d9cf9f247b77cd46af0
textures/models/table.png,1874,10355dab9d5dfcbb00ee5057fbb1d325a09d189c
textures/models/taint_spider.png,2638,4305b0959e67b105ac969c6cc207b6153a23b14d
textures/models/taint_spider_eyes.png,1040,f49131451fdab294cd6c4b833317c3d704e3c9e5
textures/models/taint_spore.png,6839,f2bc8802cbac7a3b2e1390e6743627cd0e29cb88
textures/models/taintacle.png,13054,2ae87cbd1340d4fe583030f3f0d5dfba269b3f0d
textures/models/thaumatorium.mtl,230,57a8d0028cc0f9b67edeb9d38c67286521b7773f
textures/models/thaumatorium.obj,12583,82b37bef90a565913a5cc523f9fecad0d6c786b1
textures/models/thaumatorium.png,2511,192d5e5c94411ca1a533a05d8ce0556e5c5481a8
textures/models/thaumium_1.png,1250,ed8e6b7098b86b2b21aa3d55509f866578173644
textures/models/thaumium_2.png,633,1ff0757a808eb9f43ced14f4050bb301eb902c12
textures/models/trunk.png,3981,c24206aac7cf1e7f813560be55e25a5fff8984ab
textures/models/trunkangry.png,3001,f17d3dae260fbfbb439548c2117b9eaf3019d709
textures/models/tslime.png,713,12cb8d60a8f91fa3ef56a87136e7351fabb4b195
textures/models/valve.png,1010,0ae783e84241d6f2de01994a2e8a507827d61eb4
textures/models/vampirebat.png,1788,b626e254ff31587546952518f22640f7c13408d3
textures/models/vcrystal.obj,13465,31b753b09d376c4a8f5f789d88cacd68b2bf8e7e
textures/models/vcrystal.png,807,72e7c7b1f402b1f1f32c06a58c393e4eb5b252af
textures/models/villager.png,15577,f4b671928a7f25b20f0ad983d76623d89bc75dc0
textures/models/vis_relay.obj,7935,433b045dfe913b5295411276a1966d3a6fee7ad0
textures/models/vis_relay.png,1408,1a8044793686ad03f1750d828e9781a5be806d9f
textures/models/void_1.png,1855,5255bbff3eb3eed41134a61dde3a20333d677ebd
textures/models/void_2.png,574,dbd6fa18a1b79ea3609b8421d38b797d1ee02df3
textures/models/void_robe_armor.png,11643,e32b9b144e01b105c2dfb08a9192a69d917ddd3a
textures/models/void_robe_armor_overlay.png,4847,1544ae2d0009acfd48b704bea7ee142d5deea847
textures/models/wand.png,391,7a2a5fe9d0a982582b834aaf5286cf65d21ea894
textures/models/wand_cap_copper.png,326,a2b7d8c382a2fcb2e84e38dfa6c71971a11e9982
textures/models/wand_cap_gold.png,328,78d74d690d58731e0ee20c856450694128edd013
textures/models/wand_cap_iron.png,309,b457bfeb20b2c796e82047037cf3907906c8fc3e
textures/models/wand_cap_silver.png,331,123104aeb2d2c2d1e51330ab006cde951c9f043f
textures/models/wand_cap_thaumium.png,343,39796782452efbd674fc5b37c616efdd38416469
textures/models/wand_cap_void.png,316,8d5da71215e42f3cfed23597d6cf2f9ffe0ab15a
textures/models/wand_rod_blaze.png,552,b4ad101437a0c2ea55445fb3d8fc77a1b3495e65
textures/models/wand_rod_bone.png,328,118e167a0697344aba872d8f310fd099cbe97b9b
textures/models/wand_rod_greatwood.png,1001,868360a9ecc47554ed5d5242c505cd01eaf498c5
textures/models/wand_rod_ice.png,640,2f969193721c2f28a5263f1e8620656e771d9442
textures/models/wand_rod_obsidian.png,581,e9982d59cf2c12778404e5236bf9ed84f86ff225
textures/models/wand_rod_primal.png,1419,7a83ee0b79a441a7485b333d6ccb4b7355db05a2
textures/models/wand_rod_quartz.png,602,76a13939570037c00b1555e70b25cad339800188
textures/models/wand_rod_reed.png,624,86f6dfecfd390d40fea3f90be7bd1dc6efe5a2a9
textures/models/wand_rod_silverwood.png,702,037dc6f7ad87fc95bbd7de9cae221a5d5f8f0cf3
textures/models/wand_rod_wood.png,577,8c425620fd46ab11b6797cdbb9fb3852f013b48d
textures/models/wandtable.png,3211,8ec162d28d286d51cb7266cde3479697c8a94cb5
textures/models/watcher.png,4716,39510cbdb3ab6c75589a8cb3c988fbee926778c0
textures/models/watcher_beam.png,1462,558887765debdae63061550d2e71971ede167e32
textures/models/wizard.png,2230,d61e36fbf607589f9d06cc84f51b2e572c6c5cb6
textures/models/worktable.png,3402,09678a43ffd2e25e0d8cd06aff62c02bb3ac6ee2
textures/models/zombie_plate_armor.png,11783,0afac3e18394231614f47749e5ad8986ef6bd97a
